Copyright 1986-2022 Xilinx, Inc. All Rights Reserved. Copyright 2022-2025 Advanced Micro Devices, Inc. All Rights Reserved.
---------------------------------------------------------------------------------------------------------------------------------------------------------------------------------------------------------------------------------------------
| Tool Version : Vivado v.2025.2 (win64) Build 6299465 Fri Nov 14 19:35:11 GMT 2025
| Date         : Tue Jun 30 12:53:29 2026
| Host         : DESKTOP-BC9JMV9 running 64-bit major release  (build 9200)
| Command      : report_timing_summary -max_paths 10 -routable_nets -report_unconstrained -file parking_top_timing_summary_routed.rpt -pb parking_top_timing_summary_routed.pb -rpx parking_top_timing_summary_routed.rpx -warn_on_violation
| Design       : parking_top
| Device       : 7a100t-csg324
| Speed File   : -1  PRODUCTION 1.23 2018-06-13
| Design State : Routed
---------------------------------------------------------------------------------------------------------------------------------------------------------------------------------------------------------------------------------------------

Timing Summary Report

------------------------------------------------------------------------------------------------
| Timer Settings
| --------------
------------------------------------------------------------------------------------------------

  Enable Multi Corner Analysis               :  Yes
  Enable Pessimism Removal                   :  Yes
  Pessimism Removal Resolution               :  Nearest Common Node
  Enable Input Delay Default Clock           :  No
  Enable Preset / Clear Arcs                 :  No
  Disable Flight Delays                      :  No
  Ignore I/O Paths                           :  No
  Timing Early Launch at Borrowing Latches   :  No
  Borrow Time for Max Delay Exceptions       :  Yes
  Merge Timing Exceptions                    :  Yes
  Inter-SLR Compensation                     :  Conservative

  Corner  Analyze    Analyze    
  Name    Max Paths  Min Paths  
  ------  ---------  ---------  
  Slow    Yes        Yes        
  Fast    Yes        Yes        


------------------------------------------------------------------------------------------------
| Report Methodology
| ------------------
------------------------------------------------------------------------------------------------

Rule       Severity  Description                    Violations  
---------  --------  -----------------------------  ----------  
TIMING-18  Warning   Missing input or output delay  39          

Note: This report is based on the most recent report_methodology run and may not be up-to-date. Run report_methodology on the current design for the latest report.



check_timing report

Table of Contents
-----------------
1. checking no_clock (0)
2. checking constant_clock (0)
3. checking pulse_width_clock (0)
4. checking unconstrained_internal_endpoints (0)
5. checking no_input_delay (8)
6. checking no_output_delay (14)
7. checking multiple_clock (0)
8. checking generated_clocks (0)
9. checking loops (0)
10. checking partial_input_delay (0)
11. checking partial_output_delay (0)
12. checking latch_loops (0)

1. checking no_clock (0)
------------------------
 There are 0 register/latch pins with no clock.


2. checking constant_clock (0)
------------------------------
 There are 0 register/latch pins with constant_clock.


3. checking pulse_width_clock (0)
---------------------------------
 There are 0 register/latch pins which need pulse_width check


4. checking unconstrained_internal_endpoints (0)
------------------------------------------------
 There are 0 pins that are not constrained for maximum delay.

 There are 0 pins that are not constrained for maximum delay due to constant clock.


5. checking no_input_delay (8)
------------------------------
 There are 8 input ports with no input delay specified. (HIGH)

 There are 0 input ports with no input delay but user has a false path constraint.


6. checking no_output_delay (14)
--------------------------------
 There are 14 ports with no output delay specified. (HIGH)

 There are 0 ports with no output delay but user has a false path constraint

 There are 0 ports with no output delay but with a timing clock defined on it or propagating through it


7. checking multiple_clock (0)
------------------------------
 There are 0 register/latch pins with multiple clocks.


8. checking generated_clocks (0)
--------------------------------
 There are 0 generated clocks that are not connected to a clock source.


9. checking loops (0)
---------------------
 There are 0 combinational loops in the design.


10. checking partial_input_delay (0)
------------------------------------
 There are 0 input ports with partial input delay specified.


11. checking partial_output_delay (0)
-------------------------------------
 There are 0 ports with partial output delay specified.


12. checking latch_loops (0)
----------------------------
 There are 0 combinational latch loops in the design through latch input



------------------------------------------------------------------------------------------------
| Design Timing Summary
| ---------------------
------------------------------------------------------------------------------------------------

    WNS(ns)      TNS(ns)  TNS Failing Endpoints  TNS Total Endpoints      WHS(ns)      THS(ns)  THS Failing Endpoints  THS Total Endpoints     WPWS(ns)     TPWS(ns)  TPWS Failing Endpoints  TPWS Total Endpoints  
    -------      -------  ---------------------  -------------------      -------      -------  ---------------------  -------------------     --------     --------  ----------------------  --------------------  
      5.154        0.000                      0                  230        0.101        0.000                      0                  230        4.500        0.000                       0                   126  


All user specified timing constraints are met.


------------------------------------------------------------------------------------------------
| Clock Summary
| -------------
------------------------------------------------------------------------------------------------

Clock        Waveform(ns)       Period(ns)      Frequency(MHz)
-----        ------------       ----------      --------------
sys_clk_pin  {0.000 5.000}      10.000          100.000         


------------------------------------------------------------------------------------------------
| Intra Clock Table
| -----------------
------------------------------------------------------------------------------------------------

Clock             WNS(ns)      TNS(ns)  TNS Failing Endpoints  TNS Total Endpoints      WHS(ns)      THS(ns)  THS Failing Endpoints  THS Total Endpoints     WPWS(ns)     TPWS(ns)  TPWS Failing Endpoints  TPWS Total Endpoints  
-----             -------      -------  ---------------------  -------------------      -------      -------  ---------------------  -------------------     --------     --------  ----------------------  --------------------  
sys_clk_pin         5.154        0.000                      0                  230        0.101        0.000                      0                  230        4.500        0.000                       0                   126  


------------------------------------------------------------------------------------------------
| Inter Clock Table
| -----------------
------------------------------------------------------------------------------------------------

From Clock    To Clock          WNS(ns)      TNS(ns)  TNS Failing Endpoints  TNS Total Endpoints      WHS(ns)      THS(ns)  THS Failing Endpoints  THS Total Endpoints  
----------    --------          -------      -------  ---------------------  -------------------      -------      -------  ---------------------  -------------------  


------------------------------------------------------------------------------------------------
| Other Path Groups Table
| -----------------------
------------------------------------------------------------------------------------------------

Path Group    From Clock    To Clock          WNS(ns)      TNS(ns)  TNS Failing Endpoints  TNS Total Endpoints      WHS(ns)      THS(ns)  THS Failing Endpoints  THS Total Endpoints  
----------    ----------    --------          -------      -------  ---------------------  -------------------      -------      -------  ---------------------  -------------------  


------------------------------------------------------------------------------------------------
| User Ignored Path Table
| -----------------------
------------------------------------------------------------------------------------------------

Path Group    From Clock    To Clock    
----------    ----------    --------    


------------------------------------------------------------------------------------------------
| Unconstrained Path Table
| ------------------------
------------------------------------------------------------------------------------------------

Path Group    From Clock    To Clock    
----------    ----------    --------    
(none)        sys_clk_pin                 
(none)                      sys_clk_pin   


------------------------------------------------------------------------------------------------
| Timing Details
| --------------
------------------------------------------------------------------------------------------------


---------------------------------------------------------------------------------------------------
From Clock:  sys_clk_pin
  To Clock:  sys_clk_pin

Setup :            0  Failing Endpoints,  Worst Slack        5.154ns,  Total Violation        0.000ns
Hold  :            0  Failing Endpoints,  Worst Slack        0.101ns,  Total Violation        0.000ns
PW    :            0  Failing Endpoints,  Worst Slack        4.500ns,  Total Violation        0.000ns
---------------------------------------------------------------------------------------------------


Max Delay Paths
--------------------------------------------------------------------------------------
Slack (MET) :             5.154ns  (required time - arrival time)
  Source:                 exit_db/count_reg[1]/C
                            (rising edge-triggered cell FDRE clocked by sys_clk_pin  {rise@0.000ns fall@5.000ns period=10.000ns})
  Destination:            exit_db/count_reg[20]/R
                            (rising edge-triggered cell FDRE clocked by sys_clk_pin  {rise@0.000ns fall@5.000ns period=10.000ns})
  Path Group:             sys_clk_pin
  Path Type:              Setup (Max at Slow Process Corner)
  Requirement:            10.000ns  (sys_clk_pin rise@10.000ns - sys_clk_pin rise@0.000ns)
  Data Path Delay:        4.150ns  (logic 0.890ns (21.446%)  route 3.260ns (78.554%))
  Logic Levels:           3  (LUT3=1 LUT4=1 LUT6=1)
  Clock Path Skew:        -0.137ns (DCD - SCD + CPR)
    Destination Clock Delay (DCD):    5.010ns = ( 15.010 - 10.000 ) 
    Source Clock Delay      (SCD):    5.327ns
    Clock Pessimism Removal (CPR):    0.180ns
  Clock Uncertainty:      0.035ns  ((TSJ^2 + TIJ^2)^1/2 + DJ) / 2 + PE
    Total System Jitter     (TSJ):    0.071ns
    Total Input Jitter      (TIJ):    0.000ns
    Discrete Jitter          (DJ):    0.000ns
    Phase Error              (PE):    0.000ns

    Location             Delay type                Incr(ns)  Path(ns)    Netlist Resource(s)
  -------------------------------------------------------------------    -------------------
                         (clock sys_clk_pin rise edge)
                                                      0.000     0.000 r  
    E3                                                0.000     0.000 r  CLK100MHZ (IN)
                         net (fo=0)                   0.000     0.000    CLK100MHZ
    E3                   IBUF (Prop_ibuf_I_O)         1.482     1.482 r  CLK100MHZ_IBUF_inst/O
                         net (fo=1, routed)           2.025     3.506    CLK100MHZ_IBUF
    BUFGCTRL_X0Y16       BUFG (Prop_bufg_I_O)         0.096     3.602 r  CLK100MHZ_IBUF_BUFG_inst/O
                         net (fo=125, routed)         1.724     5.327    exit_db/CLK100MHZ_IBUF_BUFG
    SLICE_X6Y95          FDRE                                         r  exit_db/count_reg[1]/C
  -------------------------------------------------------------------    -------------------
    SLICE_X6Y95          FDRE (Prop_fdre_C_Q)         0.518     5.845 f  exit_db/count_reg[1]/Q
                         net (fo=2, routed)           0.824     6.669    exit_db/count_reg[1]
    SLICE_X7Y97          LUT4 (Prop_lut4_I0_O)        0.124     6.793 f  exit_db/count[0]_i_5__0/O
                         net (fo=1, routed)           0.665     7.458    exit_db/count[0]_i_5__0_n_0
    SLICE_X7Y97          LUT6 (Prop_lut6_I0_O)        0.124     7.582 f  exit_db/count[0]_i_3__0/O
                         net (fo=3, routed)           0.990     8.572    exit_db/count[0]_i_3__0_n_0
    SLICE_X2Y99          LUT3 (Prop_lut3_I2_O)        0.124     8.696 r  exit_db/count[0]_i_1__0/O
                         net (fo=21, routed)          0.781     9.477    exit_db/count[0]_i_1__0_n_0
    SLICE_X6Y100         FDRE                                         r  exit_db/count_reg[20]/R
  -------------------------------------------------------------------    -------------------

                         (clock sys_clk_pin rise edge)
                                                     10.000    10.000 r  
    E3                                                0.000    10.000 r  CLK100MHZ (IN)
                         net (fo=0)                   0.000    10.000    CLK100MHZ
    E3                   IBUF (Prop_ibuf_I_O)         1.411    11.411 r  CLK100MHZ_IBUF_inst/O
                         net (fo=1, routed)           1.920    13.331    CLK100MHZ_IBUF
    BUFGCTRL_X0Y16       BUFG (Prop_bufg_I_O)         0.091    13.422 r  CLK100MHZ_IBUF_BUFG_inst/O
                         net (fo=125, routed)         1.588    15.010    exit_db/CLK100MHZ_IBUF_BUFG
    SLICE_X6Y100         FDRE                                         r  exit_db/count_reg[20]/C
                         clock pessimism              0.180    15.190    
                         clock uncertainty           -0.035    15.155    
    SLICE_X6Y100         FDRE (Setup_fdre_C_R)       -0.524    14.631    exit_db/count_reg[20]
  -------------------------------------------------------------------
                         required time                         14.631    
                         arrival time                          -9.477    
  -------------------------------------------------------------------
                         slack                                  5.154    

Slack (MET) :             5.179ns  (required time - arrival time)
  Source:                 exit_db/count_reg[1]/C
                            (rising edge-triggered cell FDRE clocked by sys_clk_pin  {rise@0.000ns fall@5.000ns period=10.000ns})
  Destination:            exit_db/count_reg[12]/R
                            (rising edge-triggered cell FDRE clocked by sys_clk_pin  {rise@0.000ns fall@5.000ns period=10.000ns})
  Path Group:             sys_clk_pin
  Path Type:              Setup (Max at Slow Process Corner)
  Requirement:            10.000ns  (sys_clk_pin rise@10.000ns - sys_clk_pin rise@0.000ns)
  Data Path Delay:        4.237ns  (logic 0.890ns (21.004%)  route 3.347ns (78.996%))
  Logic Levels:           3  (LUT3=1 LUT4=1 LUT6=1)
  Clock Path Skew:        -0.024ns (DCD - SCD + CPR)
    Destination Clock Delay (DCD):    5.027ns = ( 15.027 - 10.000 ) 
    Source Clock Delay      (SCD):    5.327ns
    Clock Pessimism Removal (CPR):    0.276ns
  Clock Uncertainty:      0.035ns  ((TSJ^2 + TIJ^2)^1/2 + DJ) / 2 + PE
    Total System Jitter     (TSJ):    0.071ns
    Total Input Jitter      (TIJ):    0.000ns
    Discrete Jitter          (DJ):    0.000ns
    Phase Error              (PE):    0.000ns

    Location             Delay type                Incr(ns)  Path(ns)    Netlist Resource(s)
  -------------------------------------------------------------------    -------------------
                         (clock sys_clk_pin rise edge)
                                                      0.000     0.000 r  
    E3                                                0.000     0.000 r  CLK100MHZ (IN)
                         net (fo=0)                   0.000     0.000    CLK100MHZ
    E3                   IBUF (Prop_ibuf_I_O)         1.482     1.482 r  CLK100MHZ_IBUF_inst/O
                         net (fo=1, routed)           2.025     3.506    CLK100MHZ_IBUF
    BUFGCTRL_X0Y16       BUFG (Prop_bufg_I_O)         0.096     3.602 r  CLK100MHZ_IBUF_BUFG_inst/O
                         net (fo=125, routed)         1.724     5.327    exit_db/CLK100MHZ_IBUF_BUFG
    SLICE_X6Y95          FDRE                                         r  exit_db/count_reg[1]/C
  -------------------------------------------------------------------    -------------------
    SLICE_X6Y95          FDRE (Prop_fdre_C_Q)         0.518     5.845 f  exit_db/count_reg[1]/Q
                         net (fo=2, routed)           0.824     6.669    exit_db/count_reg[1]
    SLICE_X7Y97          LUT4 (Prop_lut4_I0_O)        0.124     6.793 f  exit_db/count[0]_i_5__0/O
                         net (fo=1, routed)           0.665     7.458    exit_db/count[0]_i_5__0_n_0
    SLICE_X7Y97          LUT6 (Prop_lut6_I0_O)        0.124     7.582 f  exit_db/count[0]_i_3__0/O
                         net (fo=3, routed)           0.990     8.572    exit_db/count[0]_i_3__0_n_0
    SLICE_X2Y99          LUT3 (Prop_lut3_I2_O)        0.124     8.696 r  exit_db/count[0]_i_1__0/O
                         net (fo=21, routed)          0.869     9.564    exit_db/count[0]_i_1__0_n_0
    SLICE_X6Y98          FDRE                                         r  exit_db/count_reg[12]/R
  -------------------------------------------------------------------    -------------------

                         (clock sys_clk_pin rise edge)
                                                     10.000    10.000 r  
    E3                                                0.000    10.000 r  CLK100MHZ (IN)
                         net (fo=0)                   0.000    10.000    CLK100MHZ
    E3                   IBUF (Prop_ibuf_I_O)         1.411    11.411 r  CLK100MHZ_IBUF_inst/O
                         net (fo=1, routed)           1.920    13.331    CLK100MHZ_IBUF
    BUFGCTRL_X0Y16       BUFG (Prop_bufg_I_O)         0.091    13.422 r  CLK100MHZ_IBUF_BUFG_inst/O
                         net (fo=125, routed)         1.604    15.027    exit_db/CLK100MHZ_IBUF_BUFG
    SLICE_X6Y98          FDRE                                         r  exit_db/count_reg[12]/C
                         clock pessimism              0.276    15.303    
                         clock uncertainty           -0.035    15.267    
    SLICE_X6Y98          FDRE (Setup_fdre_C_R)       -0.524    14.743    exit_db/count_reg[12]
  -------------------------------------------------------------------
                         required time                         14.743    
                         arrival time                          -9.564    
  -------------------------------------------------------------------
                         slack                                  5.179    

Slack (MET) :             5.179ns  (required time - arrival time)
  Source:                 exit_db/count_reg[1]/C
                            (rising edge-triggered cell FDRE clocked by sys_clk_pin  {rise@0.000ns fall@5.000ns period=10.000ns})
  Destination:            exit_db/count_reg[13]/R
                            (rising edge-triggered cell FDRE clocked by sys_clk_pin  {rise@0.000ns fall@5.000ns period=10.000ns})
  Path Group:             sys_clk_pin
  Path Type:              Setup (Max at Slow Process Corner)
  Requirement:            10.000ns  (sys_clk_pin rise@10.000ns - sys_clk_pin rise@0.000ns)
  Data Path Delay:        4.237ns  (logic 0.890ns (21.004%)  route 3.347ns (78.996%))
  Logic Levels:           3  (LUT3=1 LUT4=1 LUT6=1)
  Clock Path Skew:        -0.024ns (DCD - SCD + CPR)
    Destination Clock Delay (DCD):    5.027ns = ( 15.027 - 10.000 ) 
    Source Clock Delay      (SCD):    5.327ns
    Clock Pessimism Removal (CPR):    0.276ns
  Clock Uncertainty:      0.035ns  ((TSJ^2 + TIJ^2)^1/2 + DJ) / 2 + PE
    Total System Jitter     (TSJ):    0.071ns
    Total Input Jitter      (TIJ):    0.000ns
    Discrete Jitter          (DJ):    0.000ns
    Phase Error              (PE):    0.000ns

    Location             Delay type                Incr(ns)  Path(ns)    Netlist Resource(s)
  -------------------------------------------------------------------    -------------------
                         (clock sys_clk_pin rise edge)
                                                      0.000     0.000 r  
    E3                                                0.000     0.000 r  CLK100MHZ (IN)
                         net (fo=0)                   0.000     0.000    CLK100MHZ
    E3                   IBUF (Prop_ibuf_I_O)         1.482     1.482 r  CLK100MHZ_IBUF_inst/O
                         net (fo=1, routed)           2.025     3.506    CLK100MHZ_IBUF
    BUFGCTRL_X0Y16       BUFG (Prop_bufg_I_O)         0.096     3.602 r  CLK100MHZ_IBUF_BUFG_inst/O
                         net (fo=125, routed)         1.724     5.327    exit_db/CLK100MHZ_IBUF_BUFG
    SLICE_X6Y95          FDRE                                         r  exit_db/count_reg[1]/C
  -------------------------------------------------------------------    -------------------
    SLICE_X6Y95          FDRE (Prop_fdre_C_Q)         0.518     5.845 f  exit_db/count_reg[1]/Q
                         net (fo=2, routed)           0.824     6.669    exit_db/count_reg[1]
    SLICE_X7Y97          LUT4 (Prop_lut4_I0_O)        0.124     6.793 f  exit_db/count[0]_i_5__0/O
                         net (fo=1, routed)           0.665     7.458    exit_db/count[0]_i_5__0_n_0
    SLICE_X7Y97          LUT6 (Prop_lut6_I0_O)        0.124     7.582 f  exit_db/count[0]_i_3__0/O
                         net (fo=3, routed)           0.990     8.572    exit_db/count[0]_i_3__0_n_0
    SLICE_X2Y99          LUT3 (Prop_lut3_I2_O)        0.124     8.696 r  exit_db/count[0]_i_1__0/O
                         net (fo=21, routed)          0.869     9.564    exit_db/count[0]_i_1__0_n_0
    SLICE_X6Y98          FDRE                                         r  exit_db/count_reg[13]/R
  -------------------------------------------------------------------    -------------------

                         (clock sys_clk_pin rise edge)
                                                     10.000    10.000 r  
    E3                                                0.000    10.000 r  CLK100MHZ (IN)
                         net (fo=0)                   0.000    10.000    CLK100MHZ
    E3                   IBUF (Prop_ibuf_I_O)         1.411    11.411 r  CLK100MHZ_IBUF_inst/O
                         net (fo=1, routed)           1.920    13.331    CLK100MHZ_IBUF
    BUFGCTRL_X0Y16       BUFG (Prop_bufg_I_O)         0.091    13.422 r  CLK100MHZ_IBUF_BUFG_inst/O
                         net (fo=125, routed)         1.604    15.027    exit_db/CLK100MHZ_IBUF_BUFG
    SLICE_X6Y98          FDRE                                         r  exit_db/count_reg[13]/C
                         clock pessimism              0.276    15.303    
                         clock uncertainty           -0.035    15.267    
    SLICE_X6Y98          FDRE (Setup_fdre_C_R)       -0.524    14.743    exit_db/count_reg[13]
  -------------------------------------------------------------------
                         required time                         14.743    
                         arrival time                          -9.564    
  -------------------------------------------------------------------
                         slack                                  5.179    

Slack (MET) :             5.179ns  (required time - arrival time)
  Source:                 exit_db/count_reg[1]/C
                            (rising edge-triggered cell FDRE clocked by sys_clk_pin  {rise@0.000ns fall@5.000ns period=10.000ns})
  Destination:            exit_db/count_reg[14]/R
                            (rising edge-triggered cell FDRE clocked by sys_clk_pin  {rise@0.000ns fall@5.000ns period=10.000ns})
  Path Group:             sys_clk_pin
  Path Type:              Setup (Max at Slow Process Corner)
  Requirement:            10.000ns  (sys_clk_pin rise@10.000ns - sys_clk_pin rise@0.000ns)
  Data Path Delay:        4.237ns  (logic 0.890ns (21.004%)  route 3.347ns (78.996%))
  Logic Levels:           3  (LUT3=1 LUT4=1 LUT6=1)
  Clock Path Skew:        -0.024ns (DCD - SCD + CPR)
    Destination Clock Delay (DCD):    5.027ns = ( 15.027 - 10.000 ) 
    Source Clock Delay      (SCD):    5.327ns
    Clock Pessimism Removal (CPR):    0.276ns
  Clock Uncertainty:      0.035ns  ((TSJ^2 + TIJ^2)^1/2 + DJ) / 2 + PE
    Total System Jitter     (TSJ):    0.071ns
    Total Input Jitter      (TIJ):    0.000ns
    Discrete Jitter          (DJ):    0.000ns
    Phase Error              (PE):    0.000ns

    Location             Delay type                Incr(ns)  Path(ns)    Netlist Resource(s)
  -------------------------------------------------------------------    -------------------
                         (clock sys_clk_pin rise edge)
                                                      0.000     0.000 r  
    E3                                                0.000     0.000 r  CLK100MHZ (IN)
                         net (fo=0)                   0.000     0.000    CLK100MHZ
    E3                   IBUF (Prop_ibuf_I_O)         1.482     1.482 r  CLK100MHZ_IBUF_inst/O
                         net (fo=1, routed)           2.025     3.506    CLK100MHZ_IBUF
    BUFGCTRL_X0Y16       BUFG (Prop_bufg_I_O)         0.096     3.602 r  CLK100MHZ_IBUF_BUFG_inst/O
                         net (fo=125, routed)         1.724     5.327    exit_db/CLK100MHZ_IBUF_BUFG
    SLICE_X6Y95          FDRE                                         r  exit_db/count_reg[1]/C
  -------------------------------------------------------------------    -------------------
    SLICE_X6Y95          FDRE (Prop_fdre_C_Q)         0.518     5.845 f  exit_db/count_reg[1]/Q
                         net (fo=2, routed)           0.824     6.669    exit_db/count_reg[1]
    SLICE_X7Y97          LUT4 (Prop_lut4_I0_O)        0.124     6.793 f  exit_db/count[0]_i_5__0/O
                         net (fo=1, routed)           0.665     7.458    exit_db/count[0]_i_5__0_n_0
    SLICE_X7Y97          LUT6 (Prop_lut6_I0_O)        0.124     7.582 f  exit_db/count[0]_i_3__0/O
                         net (fo=3, routed)           0.990     8.572    exit_db/count[0]_i_3__0_n_0
    SLICE_X2Y99          LUT3 (Prop_lut3_I2_O)        0.124     8.696 r  exit_db/count[0]_i_1__0/O
                         net (fo=21, routed)          0.869     9.564    exit_db/count[0]_i_1__0_n_0
    SLICE_X6Y98          FDRE                                         r  exit_db/count_reg[14]/R
  -------------------------------------------------------------------    -------------------

                         (clock sys_clk_pin rise edge)
                                                     10.000    10.000 r  
    E3                                                0.000    10.000 r  CLK100MHZ (IN)
                         net (fo=0)                   0.000    10.000    CLK100MHZ
    E3                   IBUF (Prop_ibuf_I_O)         1.411    11.411 r  CLK100MHZ_IBUF_inst/O
                         net (fo=1, routed)           1.920    13.331    CLK100MHZ_IBUF
    BUFGCTRL_X0Y16       BUFG (Prop_bufg_I_O)         0.091    13.422 r  CLK100MHZ_IBUF_BUFG_inst/O
                         net (fo=125, routed)         1.604    15.027    exit_db/CLK100MHZ_IBUF_BUFG
    SLICE_X6Y98          FDRE                                         r  exit_db/count_reg[14]/C
                         clock pessimism              0.276    15.303    
                         clock uncertainty           -0.035    15.267    
    SLICE_X6Y98          FDRE (Setup_fdre_C_R)       -0.524    14.743    exit_db/count_reg[14]
  -------------------------------------------------------------------
                         required time                         14.743    
                         arrival time                          -9.564    
  -------------------------------------------------------------------
                         slack                                  5.179    

Slack (MET) :             5.179ns  (required time - arrival time)
  Source:                 exit_db/count_reg[1]/C
                            (rising edge-triggered cell FDRE clocked by sys_clk_pin  {rise@0.000ns fall@5.000ns period=10.000ns})
  Destination:            exit_db/count_reg[15]/R
                            (rising edge-triggered cell FDRE clocked by sys_clk_pin  {rise@0.000ns fall@5.000ns period=10.000ns})
  Path Group:             sys_clk_pin
  Path Type:              Setup (Max at Slow Process Corner)
  Requirement:            10.000ns  (sys_clk_pin rise@10.000ns - sys_clk_pin rise@0.000ns)
  Data Path Delay:        4.237ns  (logic 0.890ns (21.004%)  route 3.347ns (78.996%))
  Logic Levels:           3  (LUT3=1 LUT4=1 LUT6=1)
  Clock Path Skew:        -0.024ns (DCD - SCD + CPR)
    Destination Clock Delay (DCD):    5.027ns = ( 15.027 - 10.000 ) 
    Source Clock Delay      (SCD):    5.327ns
    Clock Pessimism Removal (CPR):    0.276ns
  Clock Uncertainty:      0.035ns  ((TSJ^2 + TIJ^2)^1/2 + DJ) / 2 + PE
    Total System Jitter     (TSJ):    0.071ns
    Total Input Jitter      (TIJ):    0.000ns
    Discrete Jitter          (DJ):    0.000ns
    Phase Error              (PE):    0.000ns

    Location             Delay type                Incr(ns)  Path(ns)    Netlist Resource(s)
  -------------------------------------------------------------------    -------------------
                         (clock sys_clk_pin rise edge)
                                                      0.000     0.000 r  
    E3                                                0.000     0.000 r  CLK100MHZ (IN)
                         net (fo=0)                   0.000     0.000    CLK100MHZ
    E3                   IBUF (Prop_ibuf_I_O)         1.482     1.482 r  CLK100MHZ_IBUF_inst/O
                         net (fo=1, routed)           2.025     3.506    CLK100MHZ_IBUF
    BUFGCTRL_X0Y16       BUFG (Prop_bufg_I_O)         0.096     3.602 r  CLK100MHZ_IBUF_BUFG_inst/O
                         net (fo=125, routed)         1.724     5.327    exit_db/CLK100MHZ_IBUF_BUFG
    SLICE_X6Y95          FDRE                                         r  exit_db/count_reg[1]/C
  -------------------------------------------------------------------    -------------------
    SLICE_X6Y95          FDRE (Prop_fdre_C_Q)         0.518     5.845 f  exit_db/count_reg[1]/Q
                         net (fo=2, routed)           0.824     6.669    exit_db/count_reg[1]
    SLICE_X7Y97          LUT4 (Prop_lut4_I0_O)        0.124     6.793 f  exit_db/count[0]_i_5__0/O
                         net (fo=1, routed)           0.665     7.458    exit_db/count[0]_i_5__0_n_0
    SLICE_X7Y97          LUT6 (Prop_lut6_I0_O)        0.124     7.582 f  exit_db/count[0]_i_3__0/O
                         net (fo=3, routed)           0.990     8.572    exit_db/count[0]_i_3__0_n_0
    SLICE_X2Y99          LUT3 (Prop_lut3_I2_O)        0.124     8.696 r  exit_db/count[0]_i_1__0/O
                         net (fo=21, routed)          0.869     9.564    exit_db/count[0]_i_1__0_n_0
    SLICE_X6Y98          FDRE                                         r  exit_db/count_reg[15]/R
  -------------------------------------------------------------------    -------------------

                         (clock sys_clk_pin rise edge)
                                                     10.000    10.000 r  
    E3                                                0.000    10.000 r  CLK100MHZ (IN)
                         net (fo=0)                   0.000    10.000    CLK100MHZ
    E3                   IBUF (Prop_ibuf_I_O)         1.411    11.411 r  CLK100MHZ_IBUF_inst/O
                         net (fo=1, routed)           1.920    13.331    CLK100MHZ_IBUF
    BUFGCTRL_X0Y16       BUFG (Prop_bufg_I_O)         0.091    13.422 r  CLK100MHZ_IBUF_BUFG_inst/O
                         net (fo=125, routed)         1.604    15.027    exit_db/CLK100MHZ_IBUF_BUFG
    SLICE_X6Y98          FDRE                                         r  exit_db/count_reg[15]/C
                         clock pessimism              0.276    15.303    
                         clock uncertainty           -0.035    15.267    
    SLICE_X6Y98          FDRE (Setup_fdre_C_R)       -0.524    14.743    exit_db/count_reg[15]
  -------------------------------------------------------------------
                         required time                         14.743    
                         arrival time                          -9.564    
  -------------------------------------------------------------------
                         slack                                  5.179    

Slack (MET) :             5.318ns  (required time - arrival time)
  Source:                 exit_db/count_reg[1]/C
                            (rising edge-triggered cell FDRE clocked by sys_clk_pin  {rise@0.000ns fall@5.000ns period=10.000ns})
  Destination:            exit_db/count_reg[10]/R
                            (rising edge-triggered cell FDRE clocked by sys_clk_pin  {rise@0.000ns fall@5.000ns period=10.000ns})
  Path Group:             sys_clk_pin
  Path Type:              Setup (Max at Slow Process Corner)
  Requirement:            10.000ns  (sys_clk_pin rise@10.000ns - sys_clk_pin rise@0.000ns)
  Data Path Delay:        4.099ns  (logic 0.890ns (21.713%)  route 3.209ns (78.287%))
  Logic Levels:           3  (LUT3=1 LUT4=1 LUT6=1)
  Clock Path Skew:        -0.024ns (DCD - SCD + CPR)
    Destination Clock Delay (DCD):    5.027ns = ( 15.027 - 10.000 ) 
    Source Clock Delay      (SCD):    5.327ns
    Clock Pessimism Removal (CPR):    0.276ns
  Clock Uncertainty:      0.035ns  ((TSJ^2 + TIJ^2)^1/2 + DJ) / 2 + PE
    Total System Jitter     (TSJ):    0.071ns
    Total Input Jitter      (TIJ):    0.000ns
    Discrete Jitter          (DJ):    0.000ns
    Phase Error              (PE):    0.000ns

    Location             Delay type                Incr(ns)  Path(ns)    Netlist Resource(s)
  -------------------------------------------------------------------    -------------------
                         (clock sys_clk_pin rise edge)
                                                      0.000     0.000 r  
    E3                                                0.000     0.000 r  CLK100MHZ (IN)
                         net (fo=0)                   0.000     0.000    CLK100MHZ
    E3                   IBUF (Prop_ibuf_I_O)         1.482     1.482 r  CLK100MHZ_IBUF_inst/O
                         net (fo=1, routed)           2.025     3.506    CLK100MHZ_IBUF
    BUFGCTRL_X0Y16       BUFG (Prop_bufg_I_O)         0.096     3.602 r  CLK100MHZ_IBUF_BUFG_inst/O
                         net (fo=125, routed)         1.724     5.327    exit_db/CLK100MHZ_IBUF_BUFG
    SLICE_X6Y95          FDRE                                         r  exit_db/count_reg[1]/C
  -------------------------------------------------------------------    -------------------
    SLICE_X6Y95          FDRE (Prop_fdre_C_Q)         0.518     5.845 f  exit_db/count_reg[1]/Q
                         net (fo=2, routed)           0.824     6.669    exit_db/count_reg[1]
    SLICE_X7Y97          LUT4 (Prop_lut4_I0_O)        0.124     6.793 f  exit_db/count[0]_i_5__0/O
                         net (fo=1, routed)           0.665     7.458    exit_db/count[0]_i_5__0_n_0
    SLICE_X7Y97          LUT6 (Prop_lut6_I0_O)        0.124     7.582 f  exit_db/count[0]_i_3__0/O
                         net (fo=3, routed)           0.990     8.572    exit_db/count[0]_i_3__0_n_0
    SLICE_X2Y99          LUT3 (Prop_lut3_I2_O)        0.124     8.696 r  exit_db/count[0]_i_1__0/O
                         net (fo=21, routed)          0.730     9.426    exit_db/count[0]_i_1__0_n_0
    SLICE_X6Y97          FDRE                                         r  exit_db/count_reg[10]/R
  -------------------------------------------------------------------    -------------------

                         (clock sys_clk_pin rise edge)
                                                     10.000    10.000 r  
    E3                                                0.000    10.000 r  CLK100MHZ (IN)
                         net (fo=0)                   0.000    10.000    CLK100MHZ
    E3                   IBUF (Prop_ibuf_I_O)         1.411    11.411 r  CLK100MHZ_IBUF_inst/O
                         net (fo=1, routed)           1.920    13.331    CLK100MHZ_IBUF
    BUFGCTRL_X0Y16       BUFG (Prop_bufg_I_O)         0.091    13.422 r  CLK100MHZ_IBUF_BUFG_inst/O
                         net (fo=125, routed)         1.604    15.027    exit_db/CLK100MHZ_IBUF_BUFG
    SLICE_X6Y97          FDRE                                         r  exit_db/count_reg[10]/C
                         clock pessimism              0.276    15.303    
                         clock uncertainty           -0.035    15.267    
    SLICE_X6Y97          FDRE (Setup_fdre_C_R)       -0.524    14.743    exit_db/count_reg[10]
  -------------------------------------------------------------------
                         required time                         14.743    
                         arrival time                          -9.426    
  -------------------------------------------------------------------
                         slack                                  5.318    

Slack (MET) :             5.318ns  (required time - arrival time)
  Source:                 exit_db/count_reg[1]/C
                            (rising edge-triggered cell FDRE clocked by sys_clk_pin  {rise@0.000ns fall@5.000ns period=10.000ns})
  Destination:            exit_db/count_reg[11]/R
                            (rising edge-triggered cell FDRE clocked by sys_clk_pin  {rise@0.000ns fall@5.000ns period=10.000ns})
  Path Group:             sys_clk_pin
  Path Type:              Setup (Max at Slow Process Corner)
  Requirement:            10.000ns  (sys_clk_pin rise@10.000ns - sys_clk_pin rise@0.000ns)
  Data Path Delay:        4.099ns  (logic 0.890ns (21.713%)  route 3.209ns (78.287%))
  Logic Levels:           3  (LUT3=1 LUT4=1 LUT6=1)
  Clock Path Skew:        -0.024ns (DCD - SCD + CPR)
    Destination Clock Delay (DCD):    5.027ns = ( 15.027 - 10.000 ) 
    Source Clock Delay      (SCD):    5.327ns
    Clock Pessimism Removal (CPR):    0.276ns
  Clock Uncertainty:      0.035ns  ((TSJ^2 + TIJ^2)^1/2 + DJ) / 2 + PE
    Total System Jitter     (TSJ):    0.071ns
    Total Input Jitter      (TIJ):    0.000ns
    Discrete Jitter          (DJ):    0.000ns
    Phase Error              (PE):    0.000ns

    Location             Delay type                Incr(ns)  Path(ns)    Netlist Resource(s)
  -------------------------------------------------------------------    -------------------
                         (clock sys_clk_pin rise edge)
                                                      0.000     0.000 r  
    E3                                                0.000     0.000 r  CLK100MHZ (IN)
                         net (fo=0)                   0.000     0.000    CLK100MHZ
    E3                   IBUF (Prop_ibuf_I_O)         1.482     1.482 r  CLK100MHZ_IBUF_inst/O
                         net (fo=1, routed)           2.025     3.506    CLK100MHZ_IBUF
    BUFGCTRL_X0Y16       BUFG (Prop_bufg_I_O)         0.096     3.602 r  CLK100MHZ_IBUF_BUFG_inst/O
                         net (fo=125, routed)         1.724     5.327    exit_db/CLK100MHZ_IBUF_BUFG
    SLICE_X6Y95          FDRE                                         r  exit_db/count_reg[1]/C
  -------------------------------------------------------------------    -------------------
    SLICE_X6Y95          FDRE (Prop_fdre_C_Q)         0.518     5.845 f  exit_db/count_reg[1]/Q
                         net (fo=2, routed)           0.824     6.669    exit_db/count_reg[1]
    SLICE_X7Y97          LUT4 (Prop_lut4_I0_O)        0.124     6.793 f  exit_db/count[0]_i_5__0/O
                         net (fo=1, routed)           0.665     7.458    exit_db/count[0]_i_5__0_n_0
    SLICE_X7Y97          LUT6 (Prop_lut6_I0_O)        0.124     7.582 f  exit_db/count[0]_i_3__0/O
                         net (fo=3, routed)           0.990     8.572    exit_db/count[0]_i_3__0_n_0
    SLICE_X2Y99          LUT3 (Prop_lut3_I2_O)        0.124     8.696 r  exit_db/count[0]_i_1__0/O
                         net (fo=21, routed)          0.730     9.426    exit_db/count[0]_i_1__0_n_0
    SLICE_X6Y97          FDRE                                         r  exit_db/count_reg[11]/R
  -------------------------------------------------------------------    -------------------

                         (clock sys_clk_pin rise edge)
                                                     10.000    10.000 r  
    E3                                                0.000    10.000 r  CLK100MHZ (IN)
                         net (fo=0)                   0.000    10.000    CLK100MHZ
    E3                   IBUF (Prop_ibuf_I_O)         1.411    11.411 r  CLK100MHZ_IBUF_inst/O
                         net (fo=1, routed)           1.920    13.331    CLK100MHZ_IBUF
    BUFGCTRL_X0Y16       BUFG (Prop_bufg_I_O)         0.091    13.422 r  CLK100MHZ_IBUF_BUFG_inst/O
                         net (fo=125, routed)         1.604    15.027    exit_db/CLK100MHZ_IBUF_BUFG
    SLICE_X6Y97          FDRE                                         r  exit_db/count_reg[11]/C
                         clock pessimism              0.276    15.303    
                         clock uncertainty           -0.035    15.267    
    SLICE_X6Y97          FDRE (Setup_fdre_C_R)       -0.524    14.743    exit_db/count_reg[11]
  -------------------------------------------------------------------
                         required time                         14.743    
                         arrival time                          -9.426    
  -------------------------------------------------------------------
                         slack                                  5.318    

Slack (MET) :             5.318ns  (required time - arrival time)
  Source:                 exit_db/count_reg[1]/C
                            (rising edge-triggered cell FDRE clocked by sys_clk_pin  {rise@0.000ns fall@5.000ns period=10.000ns})
  Destination:            exit_db/count_reg[8]/R
                            (rising edge-triggered cell FDRE clocked by sys_clk_pin  {rise@0.000ns fall@5.000ns period=10.000ns})
  Path Group:             sys_clk_pin
  Path Type:              Setup (Max at Slow Process Corner)
  Requirement:            10.000ns  (sys_clk_pin rise@10.000ns - sys_clk_pin rise@0.000ns)
  Data Path Delay:        4.099ns  (logic 0.890ns (21.713%)  route 3.209ns (78.287%))
  Logic Levels:           3  (LUT3=1 LUT4=1 LUT6=1)
  Clock Path Skew:        -0.024ns (DCD - SCD + CPR)
    Destination Clock Delay (DCD):    5.027ns = ( 15.027 - 10.000 ) 
    Source Clock Delay      (SCD):    5.327ns
    Clock Pessimism Removal (CPR):    0.276ns
  Clock Uncertainty:      0.035ns  ((TSJ^2 + TIJ^2)^1/2 + DJ) / 2 + PE
    Total System Jitter     (TSJ):    0.071ns
    Total Input Jitter      (TIJ):    0.000ns
    Discrete Jitter          (DJ):    0.000ns
    Phase Error              (PE):    0.000ns

    Location             Delay type                Incr(ns)  Path(ns)    Netlist Resource(s)
  -------------------------------------------------------------------    -------------------
                         (clock sys_clk_pin rise edge)
                                                      0.000     0.000 r  
    E3                                                0.000     0.000 r  CLK100MHZ (IN)
                         net (fo=0)                   0.000     0.000    CLK100MHZ
    E3                   IBUF (Prop_ibuf_I_O)         1.482     1.482 r  CLK100MHZ_IBUF_inst/O
                         net (fo=1, routed)           2.025     3.506    CLK100MHZ_IBUF
    BUFGCTRL_X0Y16       BUFG (Prop_bufg_I_O)         0.096     3.602 r  CLK100MHZ_IBUF_BUFG_inst/O
                         net (fo=125, routed)         1.724     5.327    exit_db/CLK100MHZ_IBUF_BUFG
    SLICE_X6Y95          FDRE                                         r  exit_db/count_reg[1]/C
  -------------------------------------------------------------------    -------------------
    SLICE_X6Y95          FDRE (Prop_fdre_C_Q)         0.518     5.845 f  exit_db/count_reg[1]/Q
                         net (fo=2, routed)           0.824     6.669    exit_db/count_reg[1]
    SLICE_X7Y97          LUT4 (Prop_lut4_I0_O)        0.124     6.793 f  exit_db/count[0]_i_5__0/O
                         net (fo=1, routed)           0.665     7.458    exit_db/count[0]_i_5__0_n_0
    SLICE_X7Y97          LUT6 (Prop_lut6_I0_O)        0.124     7.582 f  exit_db/count[0]_i_3__0/O
                         net (fo=3, routed)           0.990     8.572    exit_db/count[0]_i_3__0_n_0
    SLICE_X2Y99          LUT3 (Prop_lut3_I2_O)        0.124     8.696 r  exit_db/count[0]_i_1__0/O
                         net (fo=21, routed)          0.730     9.426    exit_db/count[0]_i_1__0_n_0
    SLICE_X6Y97          FDRE                                         r  exit_db/count_reg[8]/R
  -------------------------------------------------------------------    -------------------

                         (clock sys_clk_pin rise edge)
                                                     10.000    10.000 r  
    E3                                                0.000    10.000 r  CLK100MHZ (IN)
                         net (fo=0)                   0.000    10.000    CLK100MHZ
    E3                   IBUF (Prop_ibuf_I_O)         1.411    11.411 r  CLK100MHZ_IBUF_inst/O
                         net (fo=1, routed)           1.920    13.331    CLK100MHZ_IBUF
    BUFGCTRL_X0Y16       BUFG (Prop_bufg_I_O)         0.091    13.422 r  CLK100MHZ_IBUF_BUFG_inst/O
                         net (fo=125, routed)         1.604    15.027    exit_db/CLK100MHZ_IBUF_BUFG
    SLICE_X6Y97          FDRE                                         r  exit_db/count_reg[8]/C
                         clock pessimism              0.276    15.303    
                         clock uncertainty           -0.035    15.267    
    SLICE_X6Y97          FDRE (Setup_fdre_C_R)       -0.524    14.743    exit_db/count_reg[8]
  -------------------------------------------------------------------
                         required time                         14.743    
                         arrival time                          -9.426    
  -------------------------------------------------------------------
                         slack                                  5.318    

Slack (MET) :             5.318ns  (required time - arrival time)
  Source:                 exit_db/count_reg[1]/C
                            (rising edge-triggered cell FDRE clocked by sys_clk_pin  {rise@0.000ns fall@5.000ns period=10.000ns})
  Destination:            exit_db/count_reg[9]/R
                            (rising edge-triggered cell FDRE clocked by sys_clk_pin  {rise@0.000ns fall@5.000ns period=10.000ns})
  Path Group:             sys_clk_pin
  Path Type:              Setup (Max at Slow Process Corner)
  Requirement:            10.000ns  (sys_clk_pin rise@10.000ns - sys_clk_pin rise@0.000ns)
  Data Path Delay:        4.099ns  (logic 0.890ns (21.713%)  route 3.209ns (78.287%))
  Logic Levels:           3  (LUT3=1 LUT4=1 LUT6=1)
  Clock Path Skew:        -0.024ns (DCD - SCD + CPR)
    Destination Clock Delay (DCD):    5.027ns = ( 15.027 - 10.000 ) 
    Source Clock Delay      (SCD):    5.327ns
    Clock Pessimism Removal (CPR):    0.276ns
  Clock Uncertainty:      0.035ns  ((TSJ^2 + TIJ^2)^1/2 + DJ) / 2 + PE
    Total System Jitter     (TSJ):    0.071ns
    Total Input Jitter      (TIJ):    0.000ns
    Discrete Jitter          (DJ):    0.000ns
    Phase Error              (PE):    0.000ns

    Location             Delay type                Incr(ns)  Path(ns)    Netlist Resource(s)
  -------------------------------------------------------------------    -------------------
                         (clock sys_clk_pin rise edge)
                                                      0.000     0.000 r  
    E3                                                0.000     0.000 r  CLK100MHZ (IN)
                         net (fo=0)                   0.000     0.000    CLK100MHZ
    E3                   IBUF (Prop_ibuf_I_O)         1.482     1.482 r  CLK100MHZ_IBUF_inst/O
                         net (fo=1, routed)           2.025     3.506    CLK100MHZ_IBUF
    BUFGCTRL_X0Y16       BUFG (Prop_bufg_I_O)         0.096     3.602 r  CLK100MHZ_IBUF_BUFG_inst/O
                         net (fo=125, routed)         1.724     5.327    exit_db/CLK100MHZ_IBUF_BUFG
    SLICE_X6Y95          FDRE                                         r  exit_db/count_reg[1]/C
  -------------------------------------------------------------------    -------------------
    SLICE_X6Y95          FDRE (Prop_fdre_C_Q)         0.518     5.845 f  exit_db/count_reg[1]/Q
                         net (fo=2, routed)           0.824     6.669    exit_db/count_reg[1]
    SLICE_X7Y97          LUT4 (Prop_lut4_I0_O)        0.124     6.793 f  exit_db/count[0]_i_5__0/O
                         net (fo=1, routed)           0.665     7.458    exit_db/count[0]_i_5__0_n_0
    SLICE_X7Y97          LUT6 (Prop_lut6_I0_O)        0.124     7.582 f  exit_db/count[0]_i_3__0/O
                         net (fo=3, routed)           0.990     8.572    exit_db/count[0]_i_3__0_n_0
    SLICE_X2Y99          LUT3 (Prop_lut3_I2_O)        0.124     8.696 r  exit_db/count[0]_i_1__0/O
                         net (fo=21, routed)          0.730     9.426    exit_db/count[0]_i_1__0_n_0
    SLICE_X6Y97          FDRE                                         r  exit_db/count_reg[9]/R
  -------------------------------------------------------------------    -------------------

                         (clock sys_clk_pin rise edge)
                                                     10.000    10.000 r  
    E3                                                0.000    10.000 r  CLK100MHZ (IN)
                         net (fo=0)                   0.000    10.000    CLK100MHZ
    E3                   IBUF (Prop_ibuf_I_O)         1.411    11.411 r  CLK100MHZ_IBUF_inst/O
                         net (fo=1, routed)           1.920    13.331    CLK100MHZ_IBUF
    BUFGCTRL_X0Y16       BUFG (Prop_bufg_I_O)         0.091    13.422 r  CLK100MHZ_IBUF_BUFG_inst/O
                         net (fo=125, routed)         1.604    15.027    exit_db/CLK100MHZ_IBUF_BUFG
    SLICE_X6Y97          FDRE                                         r  exit_db/count_reg[9]/C
                         clock pessimism              0.276    15.303    
                         clock uncertainty           -0.035    15.267    
    SLICE_X6Y97          FDRE (Setup_fdre_C_R)       -0.524    14.743    exit_db/count_reg[9]
  -------------------------------------------------------------------
                         required time                         14.743    
                         arrival time                          -9.426    
  -------------------------------------------------------------------
                         slack                                  5.318    

Slack (MET) :             5.465ns  (required time - arrival time)
  Source:                 exit_db/count_reg[1]/C
                            (rising edge-triggered cell FDRE clocked by sys_clk_pin  {rise@0.000ns fall@5.000ns period=10.000ns})
  Destination:            exit_db/count_reg[4]/R
                            (rising edge-triggered cell FDRE clocked by sys_clk_pin  {rise@0.000ns fall@5.000ns period=10.000ns})
  Path Group:             sys_clk_pin
  Path Type:              Setup (Max at Slow Process Corner)
  Requirement:            10.000ns  (sys_clk_pin rise@10.000ns - sys_clk_pin rise@0.000ns)
  Data Path Delay:        3.951ns  (logic 0.890ns (22.528%)  route 3.061ns (77.472%))
  Logic Levels:           3  (LUT3=1 LUT4=1 LUT6=1)
  Clock Path Skew:        -0.025ns (DCD - SCD + CPR)
    Destination Clock Delay (DCD):    5.026ns = ( 15.026 - 10.000 ) 
    Source Clock Delay      (SCD):    5.327ns
    Clock Pessimism Removal (CPR):    0.276ns
  Clock Uncertainty:      0.035ns  ((TSJ^2 + TIJ^2)^1/2 + DJ) / 2 + PE
    Total System Jitter     (TSJ):    0.071ns
    Total Input Jitter      (TIJ):    0.000ns
    Discrete Jitter          (DJ):    0.000ns
    Phase Error              (PE):    0.000ns

    Location             Delay type                Incr(ns)  Path(ns)    Netlist Resource(s)
  -------------------------------------------------------------------    -------------------
                         (clock sys_clk_pin rise edge)
                                                      0.000     0.000 r  
    E3                                                0.000     0.000 r  CLK100MHZ (IN)
                         net (fo=0)                   0.000     0.000    CLK100MHZ
    E3                   IBUF (Prop_ibuf_I_O)         1.482     1.482 r  CLK100MHZ_IBUF_inst/O
                         net (fo=1, routed)           2.025     3.506    CLK100MHZ_IBUF
    BUFGCTRL_X0Y16       BUFG (Prop_bufg_I_O)         0.096     3.602 r  CLK100MHZ_IBUF_BUFG_inst/O
                         net (fo=125, routed)         1.724     5.327    exit_db/CLK100MHZ_IBUF_BUFG
    SLICE_X6Y95          FDRE                                         r  exit_db/count_reg[1]/C
  -------------------------------------------------------------------    -------------------
    SLICE_X6Y95          FDRE (Prop_fdre_C_Q)         0.518     5.845 f  exit_db/count_reg[1]/Q
                         net (fo=2, routed)           0.824     6.669    exit_db/count_reg[1]
    SLICE_X7Y97          LUT4 (Prop_lut4_I0_O)        0.124     6.793 f  exit_db/count[0]_i_5__0/O
                         net (fo=1, routed)           0.665     7.458    exit_db/count[0]_i_5__0_n_0
    SLICE_X7Y97          LUT6 (Prop_lut6_I0_O)        0.124     7.582 f  exit_db/count[0]_i_3__0/O
                         net (fo=3, routed)           0.990     8.572    exit_db/count[0]_i_3__0_n_0
    SLICE_X2Y99          LUT3 (Prop_lut3_I2_O)        0.124     8.696 r  exit_db/count[0]_i_1__0/O
                         net (fo=21, routed)          0.582     9.277    exit_db/count[0]_i_1__0_n_0
    SLICE_X6Y96          FDRE                                         r  exit_db/count_reg[4]/R
  -------------------------------------------------------------------    -------------------

                         (clock sys_clk_pin rise edge)
                                                     10.000    10.000 r  
    E3                                                0.000    10.000 r  CLK100MHZ (IN)
                         net (fo=0)                   0.000    10.000    CLK100MHZ
    E3                   IBUF (Prop_ibuf_I_O)         1.411    11.411 r  CLK100MHZ_IBUF_inst/O
                         net (fo=1, routed)           1.920    13.331    CLK100MHZ_IBUF
    BUFGCTRL_X0Y16       BUFG (Prop_bufg_I_O)         0.091    13.422 r  CLK100MHZ_IBUF_BUFG_inst/O
                         net (fo=125, routed)         1.603    15.026    exit_db/CLK100MHZ_IBUF_BUFG
    SLICE_X6Y96          FDRE                                         r  exit_db/count_reg[4]/C
                         clock pessimism              0.276    15.302    
                         clock uncertainty           -0.035    15.266    
    SLICE_X6Y96          FDRE (Setup_fdre_C_R)       -0.524    14.742    exit_db/count_reg[4]
  -------------------------------------------------------------------
                         required time                         14.742    
                         arrival time                          -9.277    
  -------------------------------------------------------------------
                         slack                                  5.465    





Min Delay Paths
--------------------------------------------------------------------------------------
Slack (MET) :             0.101ns  (arrival time - required time)
  Source:                 exit_db/count_reg[18]/C
                            (rising edge-triggered cell FDRE clocked by sys_clk_pin  {rise@0.000ns fall@5.000ns period=10.000ns})
  Destination:            exit_db/count_reg[20]/D
                            (rising edge-triggered cell FDRE clocked by sys_clk_pin  {rise@0.000ns fall@5.000ns period=10.000ns})
  Path Group:             sys_clk_pin
  Path Type:              Hold (Min at Fast Process Corner)
  Requirement:            0.000ns  (sys_clk_pin rise@0.000ns - sys_clk_pin rise@0.000ns)
  Data Path Delay:        0.500ns  (logic 0.373ns (74.560%)  route 0.127ns (25.440%))
  Logic Levels:           2  (CARRY4=2)
  Clock Path Skew:        0.265ns (DCD - SCD - CPR)
    Destination Clock Delay (DCD):    2.034ns
    Source Clock Delay      (SCD):    1.523ns
    Clock Pessimism Removal (CPR):    0.245ns

    Location             Delay type                Incr(ns)  Path(ns)    Netlist Resource(s)
  -------------------------------------------------------------------    -------------------
                         (clock sys_clk_pin rise edge)
                                                      0.000     0.000 r  
    E3                                                0.000     0.000 r  CLK100MHZ (IN)
                         net (fo=0)                   0.000     0.000    CLK100MHZ
    E3                   IBUF (Prop_ibuf_I_O)         0.250     0.250 r  CLK100MHZ_IBUF_inst/O
                         net (fo=1, routed)           0.644     0.894    CLK100MHZ_IBUF
    BUFGCTRL_X0Y16       BUFG (Prop_bufg_I_O)         0.026     0.920 r  CLK100MHZ_IBUF_BUFG_inst/O
                         net (fo=125, routed)         0.604     1.523    exit_db/CLK100MHZ_IBUF_BUFG
    SLICE_X6Y99          FDRE                                         r  exit_db/count_reg[18]/C
  -------------------------------------------------------------------    -------------------
    SLICE_X6Y99          FDRE (Prop_fdre_C_Q)         0.164     1.687 r  exit_db/count_reg[18]/Q
                         net (fo=2, routed)           0.127     1.814    exit_db/count_reg[18]
    SLICE_X6Y99          CARRY4 (Prop_carry4_S[2]_CO[3])
                                                      0.156     1.970 r  exit_db/count_reg[16]_i_1__0/CO[3]
                         net (fo=1, routed)           0.001     1.971    exit_db/count_reg[16]_i_1__0_n_0
    SLICE_X6Y100         CARRY4 (Prop_carry4_CI_O[0])
                                                      0.053     2.024 r  exit_db/count_reg[20]_i_1__0/O[0]
                         net (fo=1, routed)           0.000     2.024    exit_db/count_reg[20]_i_1__0_n_7
    SLICE_X6Y100         FDRE                                         r  exit_db/count_reg[20]/D
  -------------------------------------------------------------------    -------------------

                         (clock sys_clk_pin rise edge)
                                                      0.000     0.000 r  
    E3                                                0.000     0.000 r  CLK100MHZ (IN)
                         net (fo=0)                   0.000     0.000    CLK100MHZ
    E3                   IBUF (Prop_ibuf_I_O)         0.438     0.438 r  CLK100MHZ_IBUF_inst/O
                         net (fo=1, routed)           0.699     1.136    CLK100MHZ_IBUF
    BUFGCTRL_X0Y16       BUFG (Prop_bufg_I_O)         0.029     1.165 r  CLK100MHZ_IBUF_BUFG_inst/O
                         net (fo=125, routed)         0.868     2.034    exit_db/CLK100MHZ_IBUF_BUFG
    SLICE_X6Y100         FDRE                                         r  exit_db/count_reg[20]/C
                         clock pessimism             -0.245     1.788    
    SLICE_X6Y100         FDRE (Hold_fdre_C_D)         0.134     1.922    exit_db/count_reg[20]
  -------------------------------------------------------------------
                         required time                         -1.922    
                         arrival time                           2.024    
  -------------------------------------------------------------------
                         slack                                  0.101    

Slack (MET) :             0.106ns  (arrival time - required time)
  Source:                 reset_db/count_reg[7]/C
                            (rising edge-triggered cell FDRE clocked by sys_clk_pin  {rise@0.000ns fall@5.000ns period=10.000ns})
  Destination:            reset_db/count_reg[8]/D
                            (rising edge-triggered cell FDRE clocked by sys_clk_pin  {rise@0.000ns fall@5.000ns period=10.000ns})
  Path Group:             sys_clk_pin
  Path Type:              Hold (Min at Fast Process Corner)
  Requirement:            0.000ns  (sys_clk_pin rise@0.000ns - sys_clk_pin rise@0.000ns)
  Data Path Delay:        0.476ns  (logic 0.355ns (74.570%)  route 0.121ns (25.430%))
  Logic Levels:           2  (CARRY4=2)
  Clock Path Skew:        0.265ns (DCD - SCD - CPR)
    Destination Clock Delay (DCD):    2.034ns
    Source Clock Delay      (SCD):    1.523ns
    Clock Pessimism Removal (CPR):    0.245ns

    Location             Delay type                Incr(ns)  Path(ns)    Netlist Resource(s)
  -------------------------------------------------------------------    -------------------
                         (clock sys_clk_pin rise edge)
                                                      0.000     0.000 r  
    E3                                                0.000     0.000 r  CLK100MHZ (IN)
                         net (fo=0)                   0.000     0.000    CLK100MHZ
    E3                   IBUF (Prop_ibuf_I_O)         0.250     0.250 r  CLK100MHZ_IBUF_inst/O
                         net (fo=1, routed)           0.644     0.894    CLK100MHZ_IBUF
    BUFGCTRL_X0Y16       BUFG (Prop_bufg_I_O)         0.026     0.920 r  CLK100MHZ_IBUF_BUFG_inst/O
                         net (fo=125, routed)         0.604     1.523    reset_db/CLK100MHZ_IBUF_BUFG
    SLICE_X7Y99          FDRE                                         r  reset_db/count_reg[7]/C
  -------------------------------------------------------------------    -------------------
    SLICE_X7Y99          FDRE (Prop_fdre_C_Q)         0.141     1.664 r  reset_db/count_reg[7]/Q
                         net (fo=2, routed)           0.120     1.785    reset_db/count_reg[7]
    SLICE_X7Y99          CARRY4 (Prop_carry4_S[3]_CO[3])
                                                      0.160     1.945 r  reset_db/count_reg[4]_i_1__1/CO[3]
                         net (fo=1, routed)           0.001     1.945    reset_db/count_reg[4]_i_1__1_n_0
    SLICE_X7Y100         CARRY4 (Prop_carry4_CI_O[0])
                                                      0.054     1.999 r  reset_db/count_reg[8]_i_1__1/O[0]
                         net (fo=1, routed)           0.000     1.999    reset_db/count_reg[8]_i_1__1_n_7
    SLICE_X7Y100         FDRE                                         r  reset_db/count_reg[8]/D
  -------------------------------------------------------------------    -------------------

                         (clock sys_clk_pin rise edge)
                                                      0.000     0.000 r  
    E3                                                0.000     0.000 r  CLK100MHZ (IN)
                         net (fo=0)                   0.000     0.000    CLK100MHZ
    E3                   IBUF (Prop_ibuf_I_O)         0.438     0.438 r  CLK100MHZ_IBUF_inst/O
                         net (fo=1, routed)           0.699     1.136    CLK100MHZ_IBUF
    BUFGCTRL_X0Y16       BUFG (Prop_bufg_I_O)         0.029     1.165 r  CLK100MHZ_IBUF_BUFG_inst/O
                         net (fo=125, routed)         0.868     2.034    reset_db/CLK100MHZ_IBUF_BUFG
    SLICE_X7Y100         FDRE                                         r  reset_db/count_reg[8]/C
                         clock pessimism             -0.245     1.788    
    SLICE_X7Y100         FDRE (Hold_fdre_C_D)         0.105     1.893    reset_db/count_reg[8]
  -------------------------------------------------------------------
                         required time                         -1.893    
                         arrival time                           1.999    
  -------------------------------------------------------------------
                         slack                                  0.106    

Slack (MET) :             0.108ns  (arrival time - required time)
  Source:                 reset_db/sync1_reg/C
                            (rising edge-triggered cell FDRE clocked by sys_clk_pin  {rise@0.000ns fall@5.000ns period=10.000ns})
  Destination:            reset_db/stable_reg/D
                            (rising edge-triggered cell FDRE clocked by sys_clk_pin  {rise@0.000ns fall@5.000ns period=10.000ns})
  Path Group:             sys_clk_pin
  Path Type:              Hold (Min at Fast Process Corner)
  Requirement:            0.000ns  (sys_clk_pin rise@0.000ns - sys_clk_pin rise@0.000ns)
  Data Path Delay:        0.480ns  (logic 0.183ns (38.150%)  route 0.297ns (61.850%))
  Logic Levels:           1  (LUT3=1)
  Clock Path Skew:        0.265ns (DCD - SCD - CPR)
    Destination Clock Delay (DCD):    2.034ns
    Source Clock Delay      (SCD):    1.523ns
    Clock Pessimism Removal (CPR):    0.245ns

    Location             Delay type                Incr(ns)  Path(ns)    Netlist Resource(s)
  -------------------------------------------------------------------    -------------------
                         (clock sys_clk_pin rise edge)
                                                      0.000     0.000 r  
    E3                                                0.000     0.000 r  CLK100MHZ (IN)
                         net (fo=0)                   0.000     0.000    CLK100MHZ
    E3                   IBUF (Prop_ibuf_I_O)         0.250     0.250 r  CLK100MHZ_IBUF_inst/O
                         net (fo=1, routed)           0.644     0.894    CLK100MHZ_IBUF
    BUFGCTRL_X0Y16       BUFG (Prop_bufg_I_O)         0.026     0.920 r  CLK100MHZ_IBUF_BUFG_inst/O
                         net (fo=125, routed)         0.604     1.523    reset_db/CLK100MHZ_IBUF_BUFG
    SLICE_X4Y97          FDRE                                         r  reset_db/sync1_reg/C
  -------------------------------------------------------------------    -------------------
    SLICE_X4Y97          FDRE (Prop_fdre_C_Q)         0.141     1.664 r  reset_db/sync1_reg/Q
                         net (fo=3, routed)           0.297     1.961    reset_db/sync1_reg_n_0
    SLICE_X4Y100         LUT3 (Prop_lut3_I0_O)        0.042     2.003 r  reset_db/stable_i_1__1/O
                         net (fo=1, routed)           0.000     2.003    reset_db/stable_i_1__1_n_0
    SLICE_X4Y100         FDRE                                         r  reset_db/stable_reg/D
  -------------------------------------------------------------------    -------------------

                         (clock sys_clk_pin rise edge)
                                                      0.000     0.000 r  
    E3                                                0.000     0.000 r  CLK100MHZ (IN)
                         net (fo=0)                   0.000     0.000    CLK100MHZ
    E3                   IBUF (Prop_ibuf_I_O)         0.438     0.438 r  CLK100MHZ_IBUF_inst/O
                         net (fo=1, routed)           0.699     1.136    CLK100MHZ_IBUF
    BUFGCTRL_X0Y16       BUFG (Prop_bufg_I_O)         0.029     1.165 r  CLK100MHZ_IBUF_BUFG_inst/O
                         net (fo=125, routed)         0.868     2.034    reset_db/CLK100MHZ_IBUF_BUFG
    SLICE_X4Y100         FDRE                                         r  reset_db/stable_reg/C
                         clock pessimism             -0.245     1.788    
    SLICE_X4Y100         FDRE (Hold_fdre_C_D)         0.107     1.895    reset_db/stable_reg
  -------------------------------------------------------------------
                         required time                         -1.895    
                         arrival time                           2.003    
  -------------------------------------------------------------------
                         slack                                  0.108    

Slack (MET) :             0.117ns  (arrival time - required time)
  Source:                 reset_db/count_reg[7]/C
                            (rising edge-triggered cell FDRE clocked by sys_clk_pin  {rise@0.000ns fall@5.000ns period=10.000ns})
  Destination:            reset_db/count_reg[10]/D
                            (rising edge-triggered cell FDRE clocked by sys_clk_pin  {rise@0.000ns fall@5.000ns period=10.000ns})
  Path Group:             sys_clk_pin
  Path Type:              Hold (Min at Fast Process Corner)
  Requirement:            0.000ns  (sys_clk_pin rise@0.000ns - sys_clk_pin rise@0.000ns)
  Data Path Delay:        0.487ns  (logic 0.366ns (75.144%)  route 0.121ns (24.856%))
  Logic Levels:           2  (CARRY4=2)
  Clock Path Skew:        0.265ns (DCD - SCD - CPR)
    Destination Clock Delay (DCD):    2.034ns
    Source Clock Delay      (SCD):    1.523ns
    Clock Pessimism Removal (CPR):    0.245ns

    Location             Delay type                Incr(ns)  Path(ns)    Netlist Resource(s)
  -------------------------------------------------------------------    -------------------
                         (clock sys_clk_pin rise edge)
                                                      0.000     0.000 r  
    E3                                                0.000     0.000 r  CLK100MHZ (IN)
                         net (fo=0)                   0.000     0.000    CLK100MHZ
    E3                   IBUF (Prop_ibuf_I_O)         0.250     0.250 r  CLK100MHZ_IBUF_inst/O
                         net (fo=1, routed)           0.644     0.894    CLK100MHZ_IBUF
    BUFGCTRL_X0Y16       BUFG (Prop_bufg_I_O)         0.026     0.920 r  CLK100MHZ_IBUF_BUFG_inst/O
                         net (fo=125, routed)         0.604     1.523    reset_db/CLK100MHZ_IBUF_BUFG
    SLICE_X7Y99          FDRE                                         r  reset_db/count_reg[7]/C
  -------------------------------------------------------------------    -------------------
    SLICE_X7Y99          FDRE (Prop_fdre_C_Q)         0.141     1.664 r  reset_db/count_reg[7]/Q
                         net (fo=2, routed)           0.120     1.785    reset_db/count_reg[7]
    SLICE_X7Y99          CARRY4 (Prop_carry4_S[3]_CO[3])
                                                      0.160     1.945 r  reset_db/count_reg[4]_i_1__1/CO[3]
                         net (fo=1, routed)           0.001     1.945    reset_db/count_reg[4]_i_1__1_n_0
    SLICE_X7Y100         CARRY4 (Prop_carry4_CI_O[2])
                                                      0.065     2.010 r  reset_db/count_reg[8]_i_1__1/O[2]
                         net (fo=1, routed)           0.000     2.010    reset_db/count_reg[8]_i_1__1_n_5
    SLICE_X7Y100         FDRE                                         r  reset_db/count_reg[10]/D
  -------------------------------------------------------------------    -------------------

                         (clock sys_clk_pin rise edge)
                                                      0.000     0.000 r  
    E3                                                0.000     0.000 r  CLK100MHZ (IN)
                         net (fo=0)                   0.000     0.000    CLK100MHZ
    E3                   IBUF (Prop_ibuf_I_O)         0.438     0.438 r  CLK100MHZ_IBUF_inst/O
                         net (fo=1, routed)           0.699     1.136    CLK100MHZ_IBUF
    BUFGCTRL_X0Y16       BUFG (Prop_bufg_I_O)         0.029     1.165 r  CLK100MHZ_IBUF_BUFG_inst/O
                         net (fo=125, routed)         0.868     2.034    reset_db/CLK100MHZ_IBUF_BUFG
    SLICE_X7Y100         FDRE                                         r  reset_db/count_reg[10]/C
                         clock pessimism             -0.245     1.788    
    SLICE_X7Y100         FDRE (Hold_fdre_C_D)         0.105     1.893    reset_db/count_reg[10]
  -------------------------------------------------------------------
                         required time                         -1.893    
                         arrival time                           2.010    
  -------------------------------------------------------------------
                         slack                                  0.117    

Slack (MET) :             0.120ns  (arrival time - required time)
  Source:                 reset_db/pulse_reg/C
                            (rising edge-triggered cell FDRE clocked by sys_clk_pin  {rise@0.000ns fall@5.000ns period=10.000ns})
  Destination:            occupied_reg[0]/R
                            (rising edge-triggered cell FDRE clocked by sys_clk_pin  {rise@0.000ns fall@5.000ns period=10.000ns})
  Path Group:             sys_clk_pin
  Path Type:              Hold (Min at Fast Process Corner)
  Requirement:            0.000ns  (sys_clk_pin rise@0.000ns - sys_clk_pin rise@0.000ns)
  Data Path Delay:        0.382ns  (logic 0.141ns (36.903%)  route 0.241ns (63.097%))
  Logic Levels:           0  
  Clock Path Skew:        0.280ns (DCD - SCD - CPR)
    Destination Clock Delay (DCD):    2.043ns
    Source Clock Delay      (SCD):    1.517ns
    Clock Pessimism Removal (CPR):    0.245ns

    Location             Delay type                Incr(ns)  Path(ns)    Netlist Resource(s)
  -------------------------------------------------------------------    -------------------
                         (clock sys_clk_pin rise edge)
                                                      0.000     0.000 r  
    E3                                                0.000     0.000 r  CLK100MHZ (IN)
                         net (fo=0)                   0.000     0.000    CLK100MHZ
    E3                   IBUF (Prop_ibuf_I_O)         0.250     0.250 r  CLK100MHZ_IBUF_inst/O
                         net (fo=1, routed)           0.644     0.894    CLK100MHZ_IBUF
    BUFGCTRL_X0Y16       BUFG (Prop_bufg_I_O)         0.026     0.920 r  CLK100MHZ_IBUF_BUFG_inst/O
                         net (fo=125, routed)         0.598     1.517    reset_db/CLK100MHZ_IBUF_BUFG
    SLICE_X4Y100         FDRE                                         r  reset_db/pulse_reg/C
  -------------------------------------------------------------------    -------------------
    SLICE_X4Y100         FDRE (Prop_fdre_C_Q)         0.141     1.658 r  reset_db/pulse_reg/Q
                         net (fo=6, routed)           0.241     1.900    reset_pulse
    SLICE_X1Y99          FDRE                                         r  occupied_reg[0]/R
  -------------------------------------------------------------------    -------------------

                         (clock sys_clk_pin rise edge)
                                                      0.000     0.000 r  
    E3                                                0.000     0.000 r  CLK100MHZ (IN)
                         net (fo=0)                   0.000     0.000    CLK100MHZ
    E3                   IBUF (Prop_ibuf_I_O)         0.438     0.438 r  CLK100MHZ_IBUF_inst/O
                         net (fo=1, routed)           0.699     1.136    CLK100MHZ_IBUF
    BUFGCTRL_X0Y16       BUFG (Prop_bufg_I_O)         0.029     1.165 r  CLK100MHZ_IBUF_BUFG_inst/O
                         net (fo=125, routed)         0.878     2.043    CLK100MHZ_IBUF_BUFG
    SLICE_X1Y99          FDRE                                         r  occupied_reg[0]/C
                         clock pessimism             -0.245     1.797    
    SLICE_X1Y99          FDRE (Hold_fdre_C_R)        -0.018     1.779    occupied_reg[0]
  -------------------------------------------------------------------
                         required time                         -1.779    
                         arrival time                           1.900    
  -------------------------------------------------------------------
                         slack                                  0.120    

Slack (MET) :             0.120ns  (arrival time - required time)
  Source:                 reset_db/pulse_reg/C
                            (rising edge-triggered cell FDRE clocked by sys_clk_pin  {rise@0.000ns fall@5.000ns period=10.000ns})
  Destination:            occupied_reg[1]/R
                            (rising edge-triggered cell FDRE clocked by sys_clk_pin  {rise@0.000ns fall@5.000ns period=10.000ns})
  Path Group:             sys_clk_pin
  Path Type:              Hold (Min at Fast Process Corner)
  Requirement:            0.000ns  (sys_clk_pin rise@0.000ns - sys_clk_pin rise@0.000ns)
  Data Path Delay:        0.382ns  (logic 0.141ns (36.903%)  route 0.241ns (63.097%))
  Logic Levels:           0  
  Clock Path Skew:        0.280ns (DCD - SCD - CPR)
    Destination Clock Delay (DCD):    2.043ns
    Source Clock Delay      (SCD):    1.517ns
    Clock Pessimism Removal (CPR):    0.245ns

    Location             Delay type                Incr(ns)  Path(ns)    Netlist Resource(s)
  -------------------------------------------------------------------    -------------------
                         (clock sys_clk_pin rise edge)
                                                      0.000     0.000 r  
    E3                                                0.000     0.000 r  CLK100MHZ (IN)
                         net (fo=0)                   0.000     0.000    CLK100MHZ
    E3                   IBUF (Prop_ibuf_I_O)         0.250     0.250 r  CLK100MHZ_IBUF_inst/O
                         net (fo=1, routed)           0.644     0.894    CLK100MHZ_IBUF
    BUFGCTRL_X0Y16       BUFG (Prop_bufg_I_O)         0.026     0.920 r  CLK100MHZ_IBUF_BUFG_inst/O
                         net (fo=125, routed)         0.598     1.517    reset_db/CLK100MHZ_IBUF_BUFG
    SLICE_X4Y100         FDRE                                         r  reset_db/pulse_reg/C
  -------------------------------------------------------------------    -------------------
    SLICE_X4Y100         FDRE (Prop_fdre_C_Q)         0.141     1.658 r  reset_db/pulse_reg/Q
                         net (fo=6, routed)           0.241     1.900    reset_pulse
    SLICE_X1Y99          FDRE                                         r  occupied_reg[1]/R
  -------------------------------------------------------------------    -------------------

                         (clock sys_clk_pin rise edge)
                                                      0.000     0.000 r  
    E3                                                0.000     0.000 r  CLK100MHZ (IN)
                         net (fo=0)                   0.000     0.000    CLK100MHZ
    E3                   IBUF (Prop_ibuf_I_O)         0.438     0.438 r  CLK100MHZ_IBUF_inst/O
                         net (fo=1, routed)           0.699     1.136    CLK100MHZ_IBUF
    BUFGCTRL_X0Y16       BUFG (Prop_bufg_I_O)         0.029     1.165 r  CLK100MHZ_IBUF_BUFG_inst/O
                         net (fo=125, routed)         0.878     2.043    CLK100MHZ_IBUF_BUFG
    SLICE_X1Y99          FDRE                                         r  occupied_reg[1]/C
                         clock pessimism             -0.245     1.797    
    SLICE_X1Y99          FDRE (Hold_fdre_C_R)        -0.018     1.779    occupied_reg[1]
  -------------------------------------------------------------------
                         required time                         -1.779    
                         arrival time                           1.900    
  -------------------------------------------------------------------
                         slack                                  0.120    

Slack (MET) :             0.120ns  (arrival time - required time)
  Source:                 reset_db/pulse_reg/C
                            (rising edge-triggered cell FDRE clocked by sys_clk_pin  {rise@0.000ns fall@5.000ns period=10.000ns})
  Destination:            occupied_reg[2]/R
                            (rising edge-triggered cell FDRE clocked by sys_clk_pin  {rise@0.000ns fall@5.000ns period=10.000ns})
  Path Group:             sys_clk_pin
  Path Type:              Hold (Min at Fast Process Corner)
  Requirement:            0.000ns  (sys_clk_pin rise@0.000ns - sys_clk_pin rise@0.000ns)
  Data Path Delay:        0.382ns  (logic 0.141ns (36.903%)  route 0.241ns (63.097%))
  Logic Levels:           0  
  Clock Path Skew:        0.280ns (DCD - SCD - CPR)
    Destination Clock Delay (DCD):    2.043ns
    Source Clock Delay      (SCD):    1.517ns
    Clock Pessimism Removal (CPR):    0.245ns

    Location             Delay type                Incr(ns)  Path(ns)    Netlist Resource(s)
  -------------------------------------------------------------------    -------------------
                         (clock sys_clk_pin rise edge)
                                                      0.000     0.000 r  
    E3                                                0.000     0.000 r  CLK100MHZ (IN)
                         net (fo=0)                   0.000     0.000    CLK100MHZ
    E3                   IBUF (Prop_ibuf_I_O)         0.250     0.250 r  CLK100MHZ_IBUF_inst/O
                         net (fo=1, routed)           0.644     0.894    CLK100MHZ_IBUF
    BUFGCTRL_X0Y16       BUFG (Prop_bufg_I_O)         0.026     0.920 r  CLK100MHZ_IBUF_BUFG_inst/O
                         net (fo=125, routed)         0.598     1.517    reset_db/CLK100MHZ_IBUF_BUFG
    SLICE_X4Y100         FDRE                                         r  reset_db/pulse_reg/C
  -------------------------------------------------------------------    -------------------
    SLICE_X4Y100         FDRE (Prop_fdre_C_Q)         0.141     1.658 r  reset_db/pulse_reg/Q
                         net (fo=6, routed)           0.241     1.900    reset_pulse
    SLICE_X1Y99          FDRE                                         r  occupied_reg[2]/R
  -------------------------------------------------------------------    -------------------

                         (clock sys_clk_pin rise edge)
                                                      0.000     0.000 r  
    E3                                                0.000     0.000 r  CLK100MHZ (IN)
                         net (fo=0)                   0.000     0.000    CLK100MHZ
    E3                   IBUF (Prop_ibuf_I_O)         0.438     0.438 r  CLK100MHZ_IBUF_inst/O
                         net (fo=1, routed)           0.699     1.136    CLK100MHZ_IBUF
    BUFGCTRL_X0Y16       BUFG (Prop_bufg_I_O)         0.029     1.165 r  CLK100MHZ_IBUF_BUFG_inst/O
                         net (fo=125, routed)         0.878     2.043    CLK100MHZ_IBUF_BUFG
    SLICE_X1Y99          FDRE                                         r  occupied_reg[2]/C
                         clock pessimism             -0.245     1.797    
    SLICE_X1Y99          FDRE (Hold_fdre_C_R)        -0.018     1.779    occupied_reg[2]
  -------------------------------------------------------------------
                         required time                         -1.779    
                         arrival time                           1.900    
  -------------------------------------------------------------------
                         slack                                  0.120    

Slack (MET) :             0.120ns  (arrival time - required time)
  Source:                 reset_db/pulse_reg/C
                            (rising edge-triggered cell FDRE clocked by sys_clk_pin  {rise@0.000ns fall@5.000ns period=10.000ns})
  Destination:            occupied_reg[3]/R
                            (rising edge-triggered cell FDRE clocked by sys_clk_pin  {rise@0.000ns fall@5.000ns period=10.000ns})
  Path Group:             sys_clk_pin
  Path Type:              Hold (Min at Fast Process Corner)
  Requirement:            0.000ns  (sys_clk_pin rise@0.000ns - sys_clk_pin rise@0.000ns)
  Data Path Delay:        0.382ns  (logic 0.141ns (36.903%)  route 0.241ns (63.097%))
  Logic Levels:           0  
  Clock Path Skew:        0.280ns (DCD - SCD - CPR)
    Destination Clock Delay (DCD):    2.043ns
    Source Clock Delay      (SCD):    1.517ns
    Clock Pessimism Removal (CPR):    0.245ns

    Location             Delay type                Incr(ns)  Path(ns)    Netlist Resource(s)
  -------------------------------------------------------------------    -------------------
                         (clock sys_clk_pin rise edge)
                                                      0.000     0.000 r  
    E3                                                0.000     0.000 r  CLK100MHZ (IN)
                         net (fo=0)                   0.000     0.000    CLK100MHZ
    E3                   IBUF (Prop_ibuf_I_O)         0.250     0.250 r  CLK100MHZ_IBUF_inst/O
                         net (fo=1, routed)           0.644     0.894    CLK100MHZ_IBUF
    BUFGCTRL_X0Y16       BUFG (Prop_bufg_I_O)         0.026     0.920 r  CLK100MHZ_IBUF_BUFG_inst/O
                         net (fo=125, routed)         0.598     1.517    reset_db/CLK100MHZ_IBUF_BUFG
    SLICE_X4Y100         FDRE                                         r  reset_db/pulse_reg/C
  -------------------------------------------------------------------    -------------------
    SLICE_X4Y100         FDRE (Prop_fdre_C_Q)         0.141     1.658 r  reset_db/pulse_reg/Q
                         net (fo=6, routed)           0.241     1.900    reset_pulse
    SLICE_X1Y99          FDRE                                         r  occupied_reg[3]/R
  -------------------------------------------------------------------    -------------------

                         (clock sys_clk_pin rise edge)
                                                      0.000     0.000 r  
    E3                                                0.000     0.000 r  CLK100MHZ (IN)
                         net (fo=0)                   0.000     0.000    CLK100MHZ
    E3                   IBUF (Prop_ibuf_I_O)         0.438     0.438 r  CLK100MHZ_IBUF_inst/O
                         net (fo=1, routed)           0.699     1.136    CLK100MHZ_IBUF
    BUFGCTRL_X0Y16       BUFG (Prop_bufg_I_O)         0.029     1.165 r  CLK100MHZ_IBUF_BUFG_inst/O
                         net (fo=125, routed)         0.878     2.043    CLK100MHZ_IBUF_BUFG
    SLICE_X1Y99          FDRE                                         r  occupied_reg[3]/C
                         clock pessimism             -0.245     1.797    
    SLICE_X1Y99          FDRE (Hold_fdre_C_R)        -0.018     1.779    occupied_reg[3]
  -------------------------------------------------------------------
                         required time                         -1.779    
                         arrival time                           1.900    
  -------------------------------------------------------------------
                         slack                                  0.120    

Slack (MET) :             0.127ns  (arrival time - required time)
  Source:                 reset_db/sync1_reg/C
                            (rising edge-triggered cell FDRE clocked by sys_clk_pin  {rise@0.000ns fall@5.000ns period=10.000ns})
  Destination:            reset_db/pulse_reg/D
                            (rising edge-triggered cell FDRE clocked by sys_clk_pin  {rise@0.000ns fall@5.000ns period=10.000ns})
  Path Group:             sys_clk_pin
  Path Type:              Hold (Min at Fast Process Corner)
  Requirement:            0.000ns  (sys_clk_pin rise@0.000ns - sys_clk_pin rise@0.000ns)
  Data Path Delay:        0.483ns  (logic 0.186ns (38.534%)  route 0.297ns (61.466%))
  Logic Levels:           1  (LUT3=1)
  Clock Path Skew:        0.265ns (DCD - SCD - CPR)
    Destination Clock Delay (DCD):    2.034ns
    Source Clock Delay      (SCD):    1.523ns
    Clock Pessimism Removal (CPR):    0.245ns

    Location             Delay type                Incr(ns)  Path(ns)    Netlist Resource(s)
  -------------------------------------------------------------------    -------------------
                         (clock sys_clk_pin rise edge)
                                                      0.000     0.000 r  
    E3                                                0.000     0.000 r  CLK100MHZ (IN)
                         net (fo=0)                   0.000     0.000    CLK100MHZ
    E3                   IBUF (Prop_ibuf_I_O)         0.250     0.250 r  CLK100MHZ_IBUF_inst/O
                         net (fo=1, routed)           0.644     0.894    CLK100MHZ_IBUF
    BUFGCTRL_X0Y16       BUFG (Prop_bufg_I_O)         0.026     0.920 r  CLK100MHZ_IBUF_BUFG_inst/O
                         net (fo=125, routed)         0.604     1.523    reset_db/CLK100MHZ_IBUF_BUFG
    SLICE_X4Y97          FDRE                                         r  reset_db/sync1_reg/C
  -------------------------------------------------------------------    -------------------
    SLICE_X4Y97          FDRE (Prop_fdre_C_Q)         0.141     1.664 r  reset_db/sync1_reg/Q
                         net (fo=3, routed)           0.297     1.961    reset_db/sync1_reg_n_0
    SLICE_X4Y100         LUT3 (Prop_lut3_I1_O)        0.045     2.006 r  reset_db/pulse_i_1__1/O
                         net (fo=1, routed)           0.000     2.006    reset_db/pulse_i_1__1_n_0
    SLICE_X4Y100         FDRE                                         r  reset_db/pulse_reg/D
  -------------------------------------------------------------------    -------------------

                         (clock sys_clk_pin rise edge)
                                                      0.000     0.000 r  
    E3                                                0.000     0.000 r  CLK100MHZ (IN)
                         net (fo=0)                   0.000     0.000    CLK100MHZ
    E3                   IBUF (Prop_ibuf_I_O)         0.438     0.438 r  CLK100MHZ_IBUF_inst/O
                         net (fo=1, routed)           0.699     1.136    CLK100MHZ_IBUF
    BUFGCTRL_X0Y16       BUFG (Prop_bufg_I_O)         0.029     1.165 r  CLK100MHZ_IBUF_BUFG_inst/O
                         net (fo=125, routed)         0.868     2.034    reset_db/CLK100MHZ_IBUF_BUFG
    SLICE_X4Y100         FDRE                                         r  reset_db/pulse_reg/C
                         clock pessimism             -0.245     1.788    
    SLICE_X4Y100         FDRE (Hold_fdre_C_D)         0.091     1.879    reset_db/pulse_reg
  -------------------------------------------------------------------
                         required time                         -1.879    
                         arrival time                           2.006    
  -------------------------------------------------------------------
                         slack                                  0.127    

Slack (MET) :             0.142ns  (arrival time - required time)
  Source:                 reset_db/count_reg[7]/C
                            (rising edge-triggered cell FDRE clocked by sys_clk_pin  {rise@0.000ns fall@5.000ns period=10.000ns})
  Destination:            reset_db/count_reg[11]/D
                            (rising edge-triggered cell FDRE clocked by sys_clk_pin  {rise@0.000ns fall@5.000ns period=10.000ns})
  Path Group:             sys_clk_pin
  Path Type:              Hold (Min at Fast Process Corner)
  Requirement:            0.000ns  (sys_clk_pin rise@0.000ns - sys_clk_pin rise@0.000ns)
  Data Path Delay:        0.512ns  (logic 0.391ns (76.358%)  route 0.121ns (23.642%))
  Logic Levels:           2  (CARRY4=2)
  Clock Path Skew:        0.265ns (DCD - SCD - CPR)
    Destination Clock Delay (DCD):    2.034ns
    Source Clock Delay      (SCD):    1.523ns
    Clock Pessimism Removal (CPR):    0.245ns

    Location             Delay type                Incr(ns)  Path(ns)    Netlist Resource(s)
  -------------------------------------------------------------------    -------------------
                         (clock sys_clk_pin rise edge)
                                                      0.000     0.000 r  
    E3                                                0.000     0.000 r  CLK100MHZ (IN)
                         net (fo=0)                   0.000     0.000    CLK100MHZ
    E3                   IBUF (Prop_ibuf_I_O)         0.250     0.250 r  CLK100MHZ_IBUF_inst/O
                         net (fo=1, routed)           0.644     0.894    CLK100MHZ_IBUF
    BUFGCTRL_X0Y16       BUFG (Prop_bufg_I_O)         0.026     0.920 r  CLK100MHZ_IBUF_BUFG_inst/O
                         net (fo=125, routed)         0.604     1.523    reset_db/CLK100MHZ_IBUF_BUFG
    SLICE_X7Y99          FDRE                                         r  reset_db/count_reg[7]/C
  -------------------------------------------------------------------    -------------------
    SLICE_X7Y99          FDRE (Prop_fdre_C_Q)         0.141     1.664 r  reset_db/count_reg[7]/Q
                         net (fo=2, routed)           0.120     1.785    reset_db/count_reg[7]
    SLICE_X7Y99          CARRY4 (Prop_carry4_S[3]_CO[3])
                                                      0.160     1.945 r  reset_db/count_reg[4]_i_1__1/CO[3]
                         net (fo=1, routed)           0.001     1.945    reset_db/count_reg[4]_i_1__1_n_0
    SLICE_X7Y100         CARRY4 (Prop_carry4_CI_O[3])
                                                      0.090     2.035 r  reset_db/count_reg[8]_i_1__1/O[3]
                         net (fo=1, routed)           0.000     2.035    reset_db/count_reg[8]_i_1__1_n_4
    SLICE_X7Y100         FDRE                                         r  reset_db/count_reg[11]/D
  -------------------------------------------------------------------    -------------------

                         (clock sys_clk_pin rise edge)
                                                      0.000     0.000 r  
    E3                                                0.000     0.000 r  CLK100MHZ (IN)
                         net (fo=0)                   0.000     0.000    CLK100MHZ
    E3                   IBUF (Prop_ibuf_I_O)         0.438     0.438 r  CLK100MHZ_IBUF_inst/O
                         net (fo=1, routed)           0.699     1.136    CLK100MHZ_IBUF
    BUFGCTRL_X0Y16       BUFG (Prop_bufg_I_O)         0.029     1.165 r  CLK100MHZ_IBUF_BUFG_inst/O
                         net (fo=125, routed)         0.868     2.034    reset_db/CLK100MHZ_IBUF_BUFG
    SLICE_X7Y100         FDRE                                         r  reset_db/count_reg[11]/C
                         clock pessimism             -0.245     1.788    
    SLICE_X7Y100         FDRE (Hold_fdre_C_D)         0.105     1.893    reset_db/count_reg[11]
  -------------------------------------------------------------------
                         required time                         -1.893    
                         arrival time                           2.035    
  -------------------------------------------------------------------
                         slack                                  0.142    





Pulse Width Checks
--------------------------------------------------------------------------------------
Clock Name:         sys_clk_pin
Waveform(ns):       { 0.000 5.000 }
Period(ns):         10.000
Sources:            { CLK100MHZ }

Check Type        Corner  Lib Pin  Reference Pin  Required(ns)  Actual(ns)  Slack(ns)  Location        Pin
Min Period        n/a     BUFG/I   n/a            2.155         10.000      7.845      BUFGCTRL_X0Y16  CLK100MHZ_IBUF_BUFG_inst/I
Min Period        n/a     FDRE/C   n/a            1.000         10.000      9.000      SLICE_X0Y100    access_granted_reg/C
Min Period        n/a     FDRE/C   n/a            1.000         10.000      9.000      SLICE_X0Y100    access_rejected_reg/C
Min Period        n/a     FDRE/C   n/a            1.000         10.000      9.000      SLICE_X2Y99     display_select_reg[0]/C
Min Period        n/a     FDRE/C   n/a            1.000         10.000      9.000      SLICE_X2Y99     display_select_reg[1]/C
Min Period        n/a     FDRE/C   n/a            1.000         10.000      9.000      SLICE_X1Y99     occupied_reg[0]/C
Min Period        n/a     FDRE/C   n/a            1.000         10.000      9.000      SLICE_X1Y99     occupied_reg[1]/C
Min Period        n/a     FDRE/C   n/a            1.000         10.000      9.000      SLICE_X1Y99     occupied_reg[2]/C
Min Period        n/a     FDRE/C   n/a            1.000         10.000      9.000      SLICE_X1Y99     occupied_reg[3]/C
Min Period        n/a     FDRE/C   n/a            1.000         10.000      9.000      SLICE_X2Y97     refresh_counter_reg[0]/C
Low Pulse Width   Slow    FDRE/C   n/a            0.500         5.000       4.500      SLICE_X0Y100    access_granted_reg/C
Low Pulse Width   Fast    FDRE/C   n/a            0.500         5.000       4.500      SLICE_X0Y100    access_granted_reg/C
Low Pulse Width   Slow    FDRE/C   n/a            0.500         5.000       4.500      SLICE_X0Y100    access_rejected_reg/C
Low Pulse Width   Fast    FDRE/C   n/a            0.500         5.000       4.500      SLICE_X0Y100    access_rejected_reg/C
Low Pulse Width   Slow    FDRE/C   n/a            0.500         5.000       4.500      SLICE_X2Y99     display_select_reg[0]/C
Low Pulse Width   Fast    FDRE/C   n/a            0.500         5.000       4.500      SLICE_X2Y99     display_select_reg[0]/C
Low Pulse Width   Slow    FDRE/C   n/a            0.500         5.000       4.500      SLICE_X2Y99     display_select_reg[1]/C
Low Pulse Width   Fast    FDRE/C   n/a            0.500         5.000       4.500      SLICE_X2Y99     display_select_reg[1]/C
Low Pulse Width   Slow    FDRE/C   n/a            0.500         5.000       4.500      SLICE_X1Y99     occupied_reg[0]/C
Low Pulse Width   Fast    FDRE/C   n/a            0.500         5.000       4.500      SLICE_X1Y99     occupied_reg[0]/C
High Pulse Width  Slow    FDRE/C   n/a            0.500         5.000       4.500      SLICE_X0Y100    access_granted_reg/C
High Pulse Width  Fast    FDRE/C   n/a            0.500         5.000       4.500      SLICE_X0Y100    access_granted_reg/C
High Pulse Width  Slow    FDRE/C   n/a            0.500         5.000       4.500      SLICE_X0Y100    access_rejected_reg/C
High Pulse Width  Fast    FDRE/C   n/a            0.500         5.000       4.500      SLICE_X0Y100    access_rejected_reg/C
High Pulse Width  Slow    FDRE/C   n/a            0.500         5.000       4.500      SLICE_X2Y99     display_select_reg[0]/C
High Pulse Width  Fast    FDRE/C   n/a            0.500         5.000       4.500      SLICE_X2Y99     display_select_reg[0]/C
High Pulse Width  Slow    FDRE/C   n/a            0.500         5.000       4.500      SLICE_X2Y99     display_select_reg[1]/C
High Pulse Width  Fast    FDRE/C   n/a            0.500         5.000       4.500      SLICE_X2Y99     display_select_reg[1]/C
High Pulse Width  Slow    FDRE/C   n/a            0.500         5.000       4.500      SLICE_X1Y99     occupied_reg[0]/C
High Pulse Width  Fast    FDRE/C   n/a            0.500         5.000       4.500      SLICE_X1Y99     occupied_reg[0]/C



--------------------------------------------------------------------------------------
Path Group:  (none)
From Clock:  sys_clk_pin
  To Clock:  

Max Delay            14 Endpoints
Min Delay            14 Endpoints
--------------------------------------------------------------------------------------


Max Delay Paths
--------------------------------------------------------------------------------------
Slack:                    inf
  Source:                 occupied_reg[2]/C
                            (rising edge-triggered cell FDRE clocked by sys_clk_pin  {rise@0.000ns fall@5.000ns period=10.000ns})
  Destination:            CB
                            (output port)
  Path Group:             (none)
  Path Type:              Max at Slow Process Corner
  Data Path Delay:        10.194ns  (logic 4.521ns (44.354%)  route 5.673ns (55.646%))
  Logic Levels:           4  (LUT3=1 LUT5=1 LUT6=1 OBUF=1)
  Clock Uncertainty:      0.025ns  ((TSJ^2 + TIJ^2)^1/2 + DJ) / 2 + PE
    Total System Jitter     (TSJ):    0.050ns
    Total Input Jitter      (TIJ):    0.000ns
    Discrete Jitter          (DJ):    0.000ns
    Phase Error              (PE):    0.000ns

    Location             Delay type                Incr(ns)  Path(ns)    Netlist Resource(s)
  -------------------------------------------------------------------    -------------------
                         (clock sys_clk_pin rise edge)
                                                      0.000     0.000 r  
    E3                                                0.000     0.000 r  CLK100MHZ (IN)
                         net (fo=0)                   0.000     0.000    CLK100MHZ
    E3                   IBUF (Prop_ibuf_I_O)         1.482     1.482 r  CLK100MHZ_IBUF_inst/O
                         net (fo=1, routed)           2.025     3.506    CLK100MHZ_IBUF
    BUFGCTRL_X0Y16       BUFG (Prop_bufg_I_O)         0.096     3.602 r  CLK100MHZ_IBUF_BUFG_inst/O
                         net (fo=125, routed)         1.726     5.329    CLK100MHZ_IBUF_BUFG
    SLICE_X1Y99          FDRE                                         r  occupied_reg[2]/C
  -------------------------------------------------------------------    -------------------
    SLICE_X1Y99          FDRE (Prop_fdre_C_Q)         0.419     5.748 r  occupied_reg[2]/Q
                         net (fo=14, routed)          0.743     6.491    occupied_reg[2]
    SLICE_X0Y99          LUT3 (Prop_lut3_I1_O)        0.299     6.790 f  CB_OBUF_inst_i_3/O
                         net (fo=1, routed)           0.444     7.234    CB_OBUF_inst_i_3_n_0
    SLICE_X0Y99          LUT5 (Prop_lut5_I2_O)        0.124     7.358 r  CB_OBUF_inst_i_2/O
                         net (fo=2, routed)           0.961     8.319    CB_OBUF_inst_i_2_n_0
    SLICE_X0Y99          LUT6 (Prop_lut6_I5_O)        0.124     8.443 r  CB_OBUF_inst_i_1/O
                         net (fo=1, routed)           3.525    11.967    CB_OBUF
    R10                  OBUF (Prop_obuf_I_O)         3.555    15.523 r  CB_OBUF_inst/O
                         net (fo=0)                   0.000    15.523    CB
    R10                                                               r  CB (OUT)
  -------------------------------------------------------------------    -------------------

Slack:                    inf
  Source:                 display_select_reg[1]/C
                            (rising edge-triggered cell FDRE clocked by sys_clk_pin  {rise@0.000ns fall@5.000ns period=10.000ns})
  Destination:            CA
                            (output port)
  Path Group:             (none)
  Path Type:              Max at Slow Process Corner
  Data Path Delay:        9.887ns  (logic 4.704ns (47.580%)  route 5.183ns (52.420%))
  Logic Levels:           3  (LUT3=1 LUT6=1 OBUF=1)
  Clock Uncertainty:      0.025ns  ((TSJ^2 + TIJ^2)^1/2 + DJ) / 2 + PE
    Total System Jitter     (TSJ):    0.050ns
    Total Input Jitter      (TIJ):    0.000ns
    Discrete Jitter          (DJ):    0.000ns
    Phase Error              (PE):    0.000ns

    Location             Delay type                Incr(ns)  Path(ns)    Netlist Resource(s)
  -------------------------------------------------------------------    -------------------
                         (clock sys_clk_pin rise edge)
                                                      0.000     0.000 r  
    E3                                                0.000     0.000 r  CLK100MHZ (IN)
                         net (fo=0)                   0.000     0.000    CLK100MHZ
    E3                   IBUF (Prop_ibuf_I_O)         1.482     1.482 r  CLK100MHZ_IBUF_inst/O
                         net (fo=1, routed)           2.025     3.506    CLK100MHZ_IBUF
    BUFGCTRL_X0Y16       BUFG (Prop_bufg_I_O)         0.096     3.602 r  CLK100MHZ_IBUF_BUFG_inst/O
                         net (fo=125, routed)         1.726     5.329    CLK100MHZ_IBUF_BUFG
    SLICE_X2Y99          FDRE                                         r  display_select_reg[1]/C
  -------------------------------------------------------------------    -------------------
    SLICE_X2Y99          FDRE (Prop_fdre_C_Q)         0.478     5.807 f  display_select_reg[1]/Q
                         net (fo=7, routed)           0.843     6.650    display_select_reg_n_0_[1]
    SLICE_X0Y99          LUT3 (Prop_lut3_I2_O)        0.323     6.973 r  AN_OBUF[7]_inst_i_1/O
                         net (fo=5, routed)           0.990     7.963    AN_OBUF[7]
    SLICE_X0Y98          LUT6 (Prop_lut6_I5_O)        0.326     8.289 r  CA_OBUF_inst_i_1/O
                         net (fo=1, routed)           3.350    11.638    CA_OBUF
    T10                  OBUF (Prop_obuf_I_O)         3.577    15.215 r  CA_OBUF_inst/O
                         net (fo=0)                   0.000    15.215    CA
    T10                                                               r  CA (OUT)
  -------------------------------------------------------------------    -------------------

Slack:                    inf
  Source:                 display_select_reg[0]/C
                            (rising edge-triggered cell FDRE clocked by sys_clk_pin  {rise@0.000ns fall@5.000ns period=10.000ns})
  Destination:            CF
                            (output port)
  Path Group:             (none)
  Path Type:              Max at Slow Process Corner
  Data Path Delay:        9.146ns  (logic 4.560ns (49.852%)  route 4.587ns (50.148%))
  Logic Levels:           3  (LUT2=1 LUT6=1 OBUF=1)
  Clock Uncertainty:      0.025ns  ((TSJ^2 + TIJ^2)^1/2 + DJ) / 2 + PE
    Total System Jitter     (TSJ):    0.050ns
    Total Input Jitter      (TIJ):    0.000ns
    Discrete Jitter          (DJ):    0.000ns
    Phase Error              (PE):    0.000ns

    Location             Delay type                Incr(ns)  Path(ns)    Netlist Resource(s)
  -------------------------------------------------------------------    -------------------
                         (clock sys_clk_pin rise edge)
                                                      0.000     0.000 r  
    E3                                                0.000     0.000 r  CLK100MHZ (IN)
                         net (fo=0)                   0.000     0.000    CLK100MHZ
    E3                   IBUF (Prop_ibuf_I_O)         1.482     1.482 r  CLK100MHZ_IBUF_inst/O
                         net (fo=1, routed)           2.025     3.506    CLK100MHZ_IBUF
    BUFGCTRL_X0Y16       BUFG (Prop_bufg_I_O)         0.096     3.602 r  CLK100MHZ_IBUF_BUFG_inst/O
                         net (fo=125, routed)         1.726     5.329    CLK100MHZ_IBUF_BUFG
    SLICE_X2Y99          FDRE                                         r  display_select_reg[0]/C
  -------------------------------------------------------------------    -------------------
    SLICE_X2Y99          FDRE (Prop_fdre_C_Q)         0.518     5.847 r  display_select_reg[0]/Q
                         net (fo=5, routed)           1.021     6.868    display_select_reg_n_0_[0]
    SLICE_X0Y99          LUT2 (Prop_lut2_I0_O)        0.154     7.022 r  AN_OBUF[0]_inst_i_1/O
                         net (fo=8, routed)           0.640     7.662    AN_OBUF[0]
    SLICE_X0Y98          LUT6 (Prop_lut6_I4_O)        0.327     7.989 r  CF_OBUF_inst_i_1/O
                         net (fo=1, routed)           2.926    10.914    CF_OBUF
    T11                  OBUF (Prop_obuf_I_O)         3.561    14.475 r  CF_OBUF_inst/O
                         net (fo=0)                   0.000    14.475    CF
    T11                                                               r  CF (OUT)
  -------------------------------------------------------------------    -------------------

Slack:                    inf
  Source:                 display_select_reg[1]/C
                            (rising edge-triggered cell FDRE clocked by sys_clk_pin  {rise@0.000ns fall@5.000ns period=10.000ns})
  Destination:            CE
                            (output port)
  Path Group:             (none)
  Path Type:              Max at Slow Process Corner
  Data Path Delay:        8.859ns  (logic 4.661ns (52.610%)  route 4.198ns (47.390%))
  Logic Levels:           3  (LUT3=1 LUT6=1 OBUF=1)
  Clock Uncertainty:      0.025ns  ((TSJ^2 + TIJ^2)^1/2 + DJ) / 2 + PE
    Total System Jitter     (TSJ):    0.050ns
    Total Input Jitter      (TIJ):    0.000ns
    Discrete Jitter          (DJ):    0.000ns
    Phase Error              (PE):    0.000ns

    Location             Delay type                Incr(ns)  Path(ns)    Netlist Resource(s)
  -------------------------------------------------------------------    -------------------
                         (clock sys_clk_pin rise edge)
                                                      0.000     0.000 r  
    E3                                                0.000     0.000 r  CLK100MHZ (IN)
                         net (fo=0)                   0.000     0.000    CLK100MHZ
    E3                   IBUF (Prop_ibuf_I_O)         1.482     1.482 r  CLK100MHZ_IBUF_inst/O
                         net (fo=1, routed)           2.025     3.506    CLK100MHZ_IBUF
    BUFGCTRL_X0Y16       BUFG (Prop_bufg_I_O)         0.096     3.602 r  CLK100MHZ_IBUF_BUFG_inst/O
                         net (fo=125, routed)         1.726     5.329    CLK100MHZ_IBUF_BUFG
    SLICE_X2Y99          FDRE                                         r  display_select_reg[1]/C
  -------------------------------------------------------------------    -------------------
    SLICE_X2Y99          FDRE (Prop_fdre_C_Q)         0.478     5.807 f  display_select_reg[1]/Q
                         net (fo=7, routed)           0.843     6.650    display_select_reg_n_0_[1]
    SLICE_X0Y99          LUT3 (Prop_lut3_I2_O)        0.323     6.973 r  AN_OBUF[7]_inst_i_1/O
                         net (fo=5, routed)           0.994     7.967    AN_OBUF[7]
    SLICE_X0Y98          LUT6 (Prop_lut6_I0_O)        0.326     8.293 r  CE_OBUF_inst_i_1/O
                         net (fo=1, routed)           2.361    10.654    CE_OBUF
    P15                  OBUF (Prop_obuf_I_O)         3.534    14.187 r  CE_OBUF_inst/O
                         net (fo=0)                   0.000    14.187    CE
    P15                                                               r  CE (OUT)
  -------------------------------------------------------------------    -------------------

Slack:                    inf
  Source:                 display_select_reg[1]/C
                            (rising edge-triggered cell FDRE clocked by sys_clk_pin  {rise@0.000ns fall@5.000ns period=10.000ns})
  Destination:            AN[7]
                            (output port)
  Path Group:             (none)
  Path Type:              Max at Slow Process Corner
  Data Path Delay:        8.597ns  (logic 4.556ns (53.000%)  route 4.041ns (47.000%))
  Logic Levels:           2  (LUT3=1 OBUF=1)
  Clock Uncertainty:      0.025ns  ((TSJ^2 + TIJ^2)^1/2 + DJ) / 2 + PE
    Total System Jitter     (TSJ):    0.050ns
    Total Input Jitter      (TIJ):    0.000ns
    Discrete Jitter          (DJ):    0.000ns
    Phase Error              (PE):    0.000ns

    Location             Delay type                Incr(ns)  Path(ns)    Netlist Resource(s)
  -------------------------------------------------------------------    -------------------
                         (clock sys_clk_pin rise edge)
                                                      0.000     0.000 r  
    E3                                                0.000     0.000 r  CLK100MHZ (IN)
                         net (fo=0)                   0.000     0.000    CLK100MHZ
    E3                   IBUF (Prop_ibuf_I_O)         1.482     1.482 r  CLK100MHZ_IBUF_inst/O
                         net (fo=1, routed)           2.025     3.506    CLK100MHZ_IBUF
    BUFGCTRL_X0Y16       BUFG (Prop_bufg_I_O)         0.096     3.602 r  CLK100MHZ_IBUF_BUFG_inst/O
                         net (fo=125, routed)         1.726     5.329    CLK100MHZ_IBUF_BUFG
    SLICE_X2Y99          FDRE                                         r  display_select_reg[1]/C
  -------------------------------------------------------------------    -------------------
    SLICE_X2Y99          FDRE (Prop_fdre_C_Q)         0.478     5.807 f  display_select_reg[1]/Q
                         net (fo=7, routed)           0.843     6.650    display_select_reg_n_0_[1]
    SLICE_X0Y99          LUT3 (Prop_lut3_I2_O)        0.323     6.973 r  AN_OBUF[7]_inst_i_1/O
                         net (fo=5, routed)           3.198    10.170    AN_OBUF[7]
    U13                  OBUF (Prop_obuf_I_O)         3.755    13.926 r  AN_OBUF[7]_inst/O
                         net (fo=0)                   0.000    13.926    AN[7]
    U13                                                               r  AN[7] (OUT)
  -------------------------------------------------------------------    -------------------

Slack:                    inf
  Source:                 display_select_reg[1]/C
                            (rising edge-triggered cell FDRE clocked by sys_clk_pin  {rise@0.000ns fall@5.000ns period=10.000ns})
  Destination:            CG
                            (output port)
  Path Group:             (none)
  Path Type:              Max at Slow Process Corner
  Data Path Delay:        8.391ns  (logic 4.664ns (55.589%)  route 3.726ns (44.411%))
  Logic Levels:           3  (LUT3=1 LUT6=1 OBUF=1)
  Clock Uncertainty:      0.025ns  ((TSJ^2 + TIJ^2)^1/2 + DJ) / 2 + PE
    Total System Jitter     (TSJ):    0.050ns
    Total Input Jitter      (TIJ):    0.000ns
    Discrete Jitter          (DJ):    0.000ns
    Phase Error              (PE):    0.000ns

    Location             Delay type                Incr(ns)  Path(ns)    Netlist Resource(s)
  -------------------------------------------------------------------    -------------------
                         (clock sys_clk_pin rise edge)
                                                      0.000     0.000 r  
    E3                                                0.000     0.000 r  CLK100MHZ (IN)
                         net (fo=0)                   0.000     0.000    CLK100MHZ
    E3                   IBUF (Prop_ibuf_I_O)         1.482     1.482 r  CLK100MHZ_IBUF_inst/O
                         net (fo=1, routed)           2.025     3.506    CLK100MHZ_IBUF
    BUFGCTRL_X0Y16       BUFG (Prop_bufg_I_O)         0.096     3.602 r  CLK100MHZ_IBUF_BUFG_inst/O
                         net (fo=125, routed)         1.726     5.329    CLK100MHZ_IBUF_BUFG
    SLICE_X2Y99          FDRE                                         r  display_select_reg[1]/C
  -------------------------------------------------------------------    -------------------
    SLICE_X2Y99          FDRE (Prop_fdre_C_Q)         0.478     5.807 f  display_select_reg[1]/Q
                         net (fo=7, routed)           0.843     6.650    display_select_reg_n_0_[1]
    SLICE_X0Y99          LUT3 (Prop_lut3_I2_O)        0.323     6.973 r  AN_OBUF[7]_inst_i_1/O
                         net (fo=5, routed)           1.008     7.981    AN_OBUF[7]
    SLICE_X0Y98          LUT6 (Prop_lut6_I5_O)        0.326     8.307 r  CG_OBUF_inst_i_1/O
                         net (fo=1, routed)           1.875    10.182    CG_OBUF
    L18                  OBUF (Prop_obuf_I_O)         3.537    13.719 r  CG_OBUF_inst/O
                         net (fo=0)                   0.000    13.719    CG
    L18                                                               r  CG (OUT)
  -------------------------------------------------------------------    -------------------

Slack:                    inf
  Source:                 access_rejected_reg/C
                            (rising edge-triggered cell FDRE clocked by sys_clk_pin  {rise@0.000ns fall@5.000ns period=10.000ns})
  Destination:            CD
                            (output port)
  Path Group:             (none)
  Path Type:              Max at Slow Process Corner
  Data Path Delay:        8.304ns  (logic 4.254ns (51.234%)  route 4.049ns (48.766%))
  Logic Levels:           3  (LUT2=1 LUT6=1 OBUF=1)
  Clock Uncertainty:      0.025ns  ((TSJ^2 + TIJ^2)^1/2 + DJ) / 2 + PE
    Total System Jitter     (TSJ):    0.050ns
    Total Input Jitter      (TIJ):    0.000ns
    Discrete Jitter          (DJ):    0.000ns
    Phase Error              (PE):    0.000ns

    Location             Delay type                Incr(ns)  Path(ns)    Netlist Resource(s)
  -------------------------------------------------------------------    -------------------
                         (clock sys_clk_pin rise edge)
                                                      0.000     0.000 r  
    E3                                                0.000     0.000 r  CLK100MHZ (IN)
                         net (fo=0)                   0.000     0.000    CLK100MHZ
    E3                   IBUF (Prop_ibuf_I_O)         1.482     1.482 r  CLK100MHZ_IBUF_inst/O
                         net (fo=1, routed)           2.025     3.506    CLK100MHZ_IBUF
    BUFGCTRL_X0Y16       BUFG (Prop_bufg_I_O)         0.096     3.602 r  CLK100MHZ_IBUF_BUFG_inst/O
                         net (fo=125, routed)         1.710     5.312    CLK100MHZ_IBUF_BUFG
    SLICE_X0Y100         FDRE                                         r  access_rejected_reg/C
  -------------------------------------------------------------------    -------------------
    SLICE_X0Y100         FDRE (Prop_fdre_C_Q)         0.456     5.768 f  access_rejected_reg/Q
                         net (fo=5, routed)           1.157     6.925    LED_OBUF[3]
    SLICE_X0Y99          LUT2 (Prop_lut2_I0_O)        0.124     7.049 r  CD_OBUF_inst_i_2/O
                         net (fo=1, routed)           0.779     7.828    CD_OBUF_inst_i_2_n_0
    SLICE_X0Y100         LUT6 (Prop_lut6_I0_O)        0.124     7.952 r  CD_OBUF_inst_i_1/O
                         net (fo=1, routed)           2.114    10.066    CD_OBUF
    K13                  OBUF (Prop_obuf_I_O)         3.550    13.616 r  CD_OBUF_inst/O
                         net (fo=0)                   0.000    13.616    CD
    K13                                                               r  CD (OUT)
  -------------------------------------------------------------------    -------------------

Slack:                    inf
  Source:                 occupied_reg[2]/C
                            (rising edge-triggered cell FDRE clocked by sys_clk_pin  {rise@0.000ns fall@5.000ns period=10.000ns})
  Destination:            CC
                            (output port)
  Path Group:             (none)
  Path Type:              Max at Slow Process Corner
  Data Path Delay:        8.096ns  (logic 4.459ns (55.080%)  route 3.636ns (44.919%))
  Logic Levels:           4  (LUT3=1 LUT5=1 LUT6=1 OBUF=1)
  Clock Uncertainty:      0.025ns  ((TSJ^2 + TIJ^2)^1/2 + DJ) / 2 + PE
    Total System Jitter     (TSJ):    0.050ns
    Total Input Jitter      (TIJ):    0.000ns
    Discrete Jitter          (DJ):    0.000ns
    Phase Error              (PE):    0.000ns

    Location             Delay type                Incr(ns)  Path(ns)    Netlist Resource(s)
  -------------------------------------------------------------------    -------------------
                         (clock sys_clk_pin rise edge)
                                                      0.000     0.000 r  
    E3                                                0.000     0.000 r  CLK100MHZ (IN)
                         net (fo=0)                   0.000     0.000    CLK100MHZ
    E3                   IBUF (Prop_ibuf_I_O)         1.482     1.482 r  CLK100MHZ_IBUF_inst/O
                         net (fo=1, routed)           2.025     3.506    CLK100MHZ_IBUF
    BUFGCTRL_X0Y16       BUFG (Prop_bufg_I_O)         0.096     3.602 r  CLK100MHZ_IBUF_BUFG_inst/O
                         net (fo=125, routed)         1.726     5.329    CLK100MHZ_IBUF_BUFG
    SLICE_X1Y99          FDRE                                         r  occupied_reg[2]/C
  -------------------------------------------------------------------    -------------------
    SLICE_X1Y99          FDRE (Prop_fdre_C_Q)         0.419     5.748 r  occupied_reg[2]/Q
                         net (fo=14, routed)          0.743     6.491    occupied_reg[2]
    SLICE_X0Y99          LUT3 (Prop_lut3_I1_O)        0.299     6.790 f  CB_OBUF_inst_i_3/O
                         net (fo=1, routed)           0.444     7.234    CB_OBUF_inst_i_3_n_0
    SLICE_X0Y99          LUT5 (Prop_lut5_I2_O)        0.124     7.358 r  CB_OBUF_inst_i_2/O
                         net (fo=2, routed)           0.763     8.121    CB_OBUF_inst_i_2_n_0
    SLICE_X0Y100         LUT6 (Prop_lut6_I5_O)        0.124     8.245 r  CC_OBUF_inst_i_1/O
                         net (fo=1, routed)           1.686     9.931    CC_OBUF
    K16                  OBUF (Prop_obuf_I_O)         3.493    13.424 r  CC_OBUF_inst/O
                         net (fo=0)                   0.000    13.424    CC
    K16                                                               r  CC (OUT)
  -------------------------------------------------------------------    -------------------

Slack:                    inf
  Source:                 occupied_reg[3]/C
                            (rising edge-triggered cell FDRE clocked by sys_clk_pin  {rise@0.000ns fall@5.000ns period=10.000ns})
  Destination:            LED[0]
                            (output port)
  Path Group:             (none)
  Path Type:              Max at Slow Process Corner
  Data Path Delay:        7.515ns  (logic 4.336ns (57.706%)  route 3.178ns (42.294%))
  Logic Levels:           2  (LUT4=1 OBUF=1)
  Clock Uncertainty:      0.025ns  ((TSJ^2 + TIJ^2)^1/2 + DJ) / 2 + PE
    Total System Jitter     (TSJ):    0.050ns
    Total Input Jitter      (TIJ):    0.000ns
    Discrete Jitter          (DJ):    0.000ns
    Phase Error              (PE):    0.000ns

    Location             Delay type                Incr(ns)  Path(ns)    Netlist Resource(s)
  -------------------------------------------------------------------    -------------------
                         (clock sys_clk_pin rise edge)
                                                      0.000     0.000 r  
    E3                                                0.000     0.000 r  CLK100MHZ (IN)
                         net (fo=0)                   0.000     0.000    CLK100MHZ
    E3                   IBUF (Prop_ibuf_I_O)         1.482     1.482 r  CLK100MHZ_IBUF_inst/O
                         net (fo=1, routed)           2.025     3.506    CLK100MHZ_IBUF
    BUFGCTRL_X0Y16       BUFG (Prop_bufg_I_O)         0.096     3.602 r  CLK100MHZ_IBUF_BUFG_inst/O
                         net (fo=125, routed)         1.726     5.329    CLK100MHZ_IBUF_BUFG
    SLICE_X1Y99          FDRE                                         r  occupied_reg[3]/C
  -------------------------------------------------------------------    -------------------
    SLICE_X1Y99          FDRE (Prop_fdre_C_Q)         0.456     5.785 f  occupied_reg[3]/Q
                         net (fo=13, routed)          0.905     6.689    occupied_reg[3]
    SLICE_X1Y99          LUT4 (Prop_lut4_I3_O)        0.152     6.841 r  LED_OBUF[0]_inst_i_1/O
                         net (fo=1, routed)           2.273     9.115    LED_OBUF[0]
    H17                  OBUF (Prop_obuf_I_O)         3.728    12.843 r  LED_OBUF[0]_inst/O
                         net (fo=0)                   0.000    12.843    LED[0]
    H17                                                               r  LED[0] (OUT)
  -------------------------------------------------------------------    -------------------

Slack:                    inf
  Source:                 occupied_reg[0]/C
                            (rising edge-triggered cell FDRE clocked by sys_clk_pin  {rise@0.000ns fall@5.000ns period=10.000ns})
  Destination:            LED[1]
                            (output port)
  Path Group:             (none)
  Path Type:              Max at Slow Process Corner
  Data Path Delay:        7.418ns  (logic 4.345ns (58.578%)  route 3.073ns (41.422%))
  Logic Levels:           2  (LUT4=1 OBUF=1)
  Clock Uncertainty:      0.025ns  ((TSJ^2 + TIJ^2)^1/2 + DJ) / 2 + PE
    Total System Jitter     (TSJ):    0.050ns
    Total Input Jitter      (TIJ):    0.000ns
    Discrete Jitter          (DJ):    0.000ns
    Phase Error              (PE):    0.000ns

    Location             Delay type                Incr(ns)  Path(ns)    Netlist Resource(s)
  -------------------------------------------------------------------    -------------------
                         (clock sys_clk_pin rise edge)
                                                      0.000     0.000 r  
    E3                                                0.000     0.000 r  CLK100MHZ (IN)
                         net (fo=0)                   0.000     0.000    CLK100MHZ
    E3                   IBUF (Prop_ibuf_I_O)         1.482     1.482 r  CLK100MHZ_IBUF_inst/O
                         net (fo=1, routed)           2.025     3.506    CLK100MHZ_IBUF
    BUFGCTRL_X0Y16       BUFG (Prop_bufg_I_O)         0.096     3.602 r  CLK100MHZ_IBUF_BUFG_inst/O
                         net (fo=125, routed)         1.726     5.329    CLK100MHZ_IBUF_BUFG
    SLICE_X1Y99          FDRE                                         r  occupied_reg[0]/C
  -------------------------------------------------------------------    -------------------
    SLICE_X1Y99          FDRE (Prop_fdre_C_Q)         0.456     5.785 r  occupied_reg[0]/Q
                         net (fo=14, routed)          1.231     7.016    exit_db/Q[0]
    SLICE_X1Y100         LUT4 (Prop_lut4_I1_O)        0.152     7.168 r  exit_db/LED_OBUF[1]_inst_i_1/O
                         net (fo=5, routed)           1.842     9.009    LED_OBUF[1]
    K15                  OBUF (Prop_obuf_I_O)         3.737    12.747 r  LED_OBUF[1]_inst/O
                         net (fo=0)                   0.000    12.747    LED[1]
    K15                                                               r  LED[1] (OUT)
  -------------------------------------------------------------------    -------------------





Min Delay Paths
--------------------------------------------------------------------------------------
Slack:                    inf
  Source:                 access_granted_reg/C
                            (rising edge-triggered cell FDRE clocked by sys_clk_pin  {rise@0.000ns fall@5.000ns period=10.000ns})
  Destination:            LED[2]
                            (output port)
  Path Group:             (none)
  Path Type:              Min at Fast Process Corner
  Data Path Delay:        1.959ns  (logic 1.394ns (71.164%)  route 0.565ns (28.836%))
  Logic Levels:           1  (OBUF=1)
  Clock Uncertainty:      0.025ns  ((TSJ^2 + TIJ^2)^1/2 + DJ) / 2 + PE
    Total System Jitter     (TSJ):    0.050ns
    Total Input Jitter      (TIJ):    0.000ns
    Discrete Jitter          (DJ):    0.000ns
    Phase Error              (PE):    0.000ns

    Location             Delay type                Incr(ns)  Path(ns)    Netlist Resource(s)
  -------------------------------------------------------------------    -------------------
                         (clock sys_clk_pin rise edge)
                                                      0.000     0.000 r  
    E3                                                0.000     0.000 r  CLK100MHZ (IN)
                         net (fo=0)                   0.000     0.000    CLK100MHZ
    E3                   IBUF (Prop_ibuf_I_O)         0.250     0.250 r  CLK100MHZ_IBUF_inst/O
                         net (fo=1, routed)           0.644     0.894    CLK100MHZ_IBUF
    BUFGCTRL_X0Y16       BUFG (Prop_bufg_I_O)         0.026     0.920 r  CLK100MHZ_IBUF_BUFG_inst/O
                         net (fo=125, routed)         0.599     1.518    CLK100MHZ_IBUF_BUFG
    SLICE_X0Y100         FDRE                                         r  access_granted_reg/C
  -------------------------------------------------------------------    -------------------
    SLICE_X0Y100         FDRE (Prop_fdre_C_Q)         0.141     1.659 r  access_granted_reg/Q
                         net (fo=6, routed)           0.565     2.224    LED_OBUF[2]
    J13                  OBUF (Prop_obuf_I_O)         1.253     3.478 r  LED_OBUF[2]_inst/O
                         net (fo=0)                   0.000     3.478    LED[2]
    J13                                                               r  LED[2] (OUT)
  -------------------------------------------------------------------    -------------------

Slack:                    inf
  Source:                 access_rejected_reg/C
                            (rising edge-triggered cell FDRE clocked by sys_clk_pin  {rise@0.000ns fall@5.000ns period=10.000ns})
  Destination:            LED[3]
                            (output port)
  Path Group:             (none)
  Path Type:              Min at Fast Process Corner
  Data Path Delay:        1.991ns  (logic 1.392ns (69.930%)  route 0.599ns (30.070%))
  Logic Levels:           1  (OBUF=1)
  Clock Uncertainty:      0.025ns  ((TSJ^2 + TIJ^2)^1/2 + DJ) / 2 + PE
    Total System Jitter     (TSJ):    0.050ns
    Total Input Jitter      (TIJ):    0.000ns
    Discrete Jitter          (DJ):    0.000ns
    Phase Error              (PE):    0.000ns

    Location             Delay type                Incr(ns)  Path(ns)    Netlist Resource(s)
  -------------------------------------------------------------------    -------------------
                         (clock sys_clk_pin rise edge)
                                                      0.000     0.000 r  
    E3                                                0.000     0.000 r  CLK100MHZ (IN)
                         net (fo=0)                   0.000     0.000    CLK100MHZ
    E3                   IBUF (Prop_ibuf_I_O)         0.250     0.250 r  CLK100MHZ_IBUF_inst/O
                         net (fo=1, routed)           0.644     0.894    CLK100MHZ_IBUF
    BUFGCTRL_X0Y16       BUFG (Prop_bufg_I_O)         0.026     0.920 r  CLK100MHZ_IBUF_BUFG_inst/O
                         net (fo=125, routed)         0.599     1.518    CLK100MHZ_IBUF_BUFG
    SLICE_X0Y100         FDRE                                         r  access_rejected_reg/C
  -------------------------------------------------------------------    -------------------
    SLICE_X0Y100         FDRE (Prop_fdre_C_Q)         0.141     1.659 r  access_rejected_reg/Q
                         net (fo=5, routed)           0.599     2.258    LED_OBUF[3]
    N14                  OBUF (Prop_obuf_I_O)         1.251     3.509 r  LED_OBUF[3]_inst/O
                         net (fo=0)                   0.000     3.509    LED[3]
    N14                                                               r  LED[3] (OUT)
  -------------------------------------------------------------------    -------------------

Slack:                    inf
  Source:                 occupied_reg[1]/C
                            (rising edge-triggered cell FDRE clocked by sys_clk_pin  {rise@0.000ns fall@5.000ns period=10.000ns})
  Destination:            AN[1]
                            (output port)
  Path Group:             (none)
  Path Type:              Min at Fast Process Corner
  Data Path Delay:        2.014ns  (logic 1.493ns (74.144%)  route 0.521ns (25.856%))
  Logic Levels:           2  (LUT5=1 OBUF=1)
  Clock Uncertainty:      0.025ns  ((TSJ^2 + TIJ^2)^1/2 + DJ) / 2 + PE
    Total System Jitter     (TSJ):    0.050ns
    Total Input Jitter      (TIJ):    0.000ns
    Discrete Jitter          (DJ):    0.000ns
    Phase Error              (PE):    0.000ns

    Location             Delay type                Incr(ns)  Path(ns)    Netlist Resource(s)
  -------------------------------------------------------------------    -------------------
                         (clock sys_clk_pin rise edge)
                                                      0.000     0.000 r  
    E3                                                0.000     0.000 r  CLK100MHZ (IN)
                         net (fo=0)                   0.000     0.000    CLK100MHZ
    E3                   IBUF (Prop_ibuf_I_O)         0.250     0.250 r  CLK100MHZ_IBUF_inst/O
                         net (fo=1, routed)           0.644     0.894    CLK100MHZ_IBUF
    BUFGCTRL_X0Y16       BUFG (Prop_bufg_I_O)         0.026     0.920 r  CLK100MHZ_IBUF_BUFG_inst/O
                         net (fo=125, routed)         0.605     1.524    CLK100MHZ_IBUF_BUFG
    SLICE_X1Y99          FDRE                                         r  occupied_reg[1]/C
  -------------------------------------------------------------------    -------------------
    SLICE_X1Y99          FDRE (Prop_fdre_C_Q)         0.141     1.665 r  occupied_reg[1]/Q
                         net (fo=15, routed)          0.157     1.822    occupied_reg[1]
    SLICE_X0Y99          LUT5 (Prop_lut5_I2_O)        0.049     1.871 r  AN_OBUF[1]_inst_i_1/O
                         net (fo=1, routed)           0.364     2.235    AN_OBUF[1]
    J18                  OBUF (Prop_obuf_I_O)         1.303     3.539 r  AN_OBUF[1]_inst/O
                         net (fo=0)                   0.000     3.539    AN[1]
    J18                                                               r  AN[1] (OUT)
  -------------------------------------------------------------------    -------------------

Slack:                    inf
  Source:                 occupied_reg[3]/C
                            (rising edge-triggered cell FDRE clocked by sys_clk_pin  {rise@0.000ns fall@5.000ns period=10.000ns})
  Destination:            CG
                            (output port)
  Path Group:             (none)
  Path Type:              Min at Fast Process Corner
  Data Path Delay:        2.072ns  (logic 1.424ns (68.744%)  route 0.648ns (31.256%))
  Logic Levels:           2  (LUT6=1 OBUF=1)
  Clock Uncertainty:      0.025ns  ((TSJ^2 + TIJ^2)^1/2 + DJ) / 2 + PE
    Total System Jitter     (TSJ):    0.050ns
    Total Input Jitter      (TIJ):    0.000ns
    Discrete Jitter          (DJ):    0.000ns
    Phase Error              (PE):    0.000ns

    Location             Delay type                Incr(ns)  Path(ns)    Netlist Resource(s)
  -------------------------------------------------------------------    -------------------
                         (clock sys_clk_pin rise edge)
                                                      0.000     0.000 r  
    E3                                                0.000     0.000 r  CLK100MHZ (IN)
                         net (fo=0)                   0.000     0.000    CLK100MHZ
    E3                   IBUF (Prop_ibuf_I_O)         0.250     0.250 r  CLK100MHZ_IBUF_inst/O
                         net (fo=1, routed)           0.644     0.894    CLK100MHZ_IBUF
    BUFGCTRL_X0Y16       BUFG (Prop_bufg_I_O)         0.026     0.920 r  CLK100MHZ_IBUF_BUFG_inst/O
                         net (fo=125, routed)         0.605     1.524    CLK100MHZ_IBUF_BUFG
    SLICE_X1Y99          FDRE                                         r  occupied_reg[3]/C
  -------------------------------------------------------------------    -------------------
    SLICE_X1Y99          FDRE (Prop_fdre_C_Q)         0.141     1.665 r  occupied_reg[3]/Q
                         net (fo=13, routed)          0.222     1.888    occupied_reg[3]
    SLICE_X0Y98          LUT6 (Prop_lut6_I2_O)        0.045     1.933 r  CG_OBUF_inst_i_1/O
                         net (fo=1, routed)           0.425     2.358    CG_OBUF
    L18                  OBUF (Prop_obuf_I_O)         1.238     3.596 r  CG_OBUF_inst/O
                         net (fo=0)                   0.000     3.596    CG
    L18                                                               r  CG (OUT)
  -------------------------------------------------------------------    -------------------

Slack:                    inf
  Source:                 occupied_reg[2]/C
                            (rising edge-triggered cell FDRE clocked by sys_clk_pin  {rise@0.000ns fall@5.000ns period=10.000ns})
  Destination:            CC
                            (output port)
  Path Group:             (none)
  Path Type:              Min at Fast Process Corner
  Data Path Delay:        2.116ns  (logic 1.421ns (67.178%)  route 0.694ns (32.822%))
  Logic Levels:           2  (LUT6=1 OBUF=1)
  Clock Uncertainty:      0.025ns  ((TSJ^2 + TIJ^2)^1/2 + DJ) / 2 + PE
    Total System Jitter     (TSJ):    0.050ns
    Total Input Jitter      (TIJ):    0.000ns
    Discrete Jitter          (DJ):    0.000ns
    Phase Error              (PE):    0.000ns

    Location             Delay type                Incr(ns)  Path(ns)    Netlist Resource(s)
  -------------------------------------------------------------------    -------------------
                         (clock sys_clk_pin rise edge)
                                                      0.000     0.000 r  
    E3                                                0.000     0.000 r  CLK100MHZ (IN)
                         net (fo=0)                   0.000     0.000    CLK100MHZ
    E3                   IBUF (Prop_ibuf_I_O)         0.250     0.250 r  CLK100MHZ_IBUF_inst/O
                         net (fo=1, routed)           0.644     0.894    CLK100MHZ_IBUF
    BUFGCTRL_X0Y16       BUFG (Prop_bufg_I_O)         0.026     0.920 r  CLK100MHZ_IBUF_BUFG_inst/O
                         net (fo=125, routed)         0.605     1.524    CLK100MHZ_IBUF_BUFG
    SLICE_X1Y99          FDRE                                         r  occupied_reg[2]/C
  -------------------------------------------------------------------    -------------------
    SLICE_X1Y99          FDRE (Prop_fdre_C_Q)         0.128     1.652 r  occupied_reg[2]/Q
                         net (fo=14, routed)          0.345     1.997    occupied_reg[2]
    SLICE_X0Y100         LUT6 (Prop_lut6_I1_O)        0.099     2.096 r  CC_OBUF_inst_i_1/O
                         net (fo=1, routed)           0.350     2.446    CC_OBUF
    K16                  OBUF (Prop_obuf_I_O)         1.194     3.640 r  CC_OBUF_inst/O
                         net (fo=0)                   0.000     3.640    CC
    K16                                                               r  CC (OUT)
  -------------------------------------------------------------------    -------------------

Slack:                    inf
  Source:                 occupied_reg[2]/C
                            (rising edge-triggered cell FDRE clocked by sys_clk_pin  {rise@0.000ns fall@5.000ns period=10.000ns})
  Destination:            LED[1]
                            (output port)
  Path Group:             (none)
  Path Type:              Min at Fast Process Corner
  Data Path Delay:        2.162ns  (logic 1.528ns (70.675%)  route 0.634ns (29.325%))
  Logic Levels:           2  (LUT4=1 OBUF=1)
  Clock Uncertainty:      0.025ns  ((TSJ^2 + TIJ^2)^1/2 + DJ) / 2 + PE
    Total System Jitter     (TSJ):    0.050ns
    Total Input Jitter      (TIJ):    0.000ns
    Discrete Jitter          (DJ):    0.000ns
    Phase Error              (PE):    0.000ns

    Location             Delay type                Incr(ns)  Path(ns)    Netlist Resource(s)
  -------------------------------------------------------------------    -------------------
                         (clock sys_clk_pin rise edge)
                                                      0.000     0.000 r  
    E3                                                0.000     0.000 r  CLK100MHZ (IN)
                         net (fo=0)                   0.000     0.000    CLK100MHZ
    E3                   IBUF (Prop_ibuf_I_O)         0.250     0.250 r  CLK100MHZ_IBUF_inst/O
                         net (fo=1, routed)           0.644     0.894    CLK100MHZ_IBUF
    BUFGCTRL_X0Y16       BUFG (Prop_bufg_I_O)         0.026     0.920 r  CLK100MHZ_IBUF_BUFG_inst/O
                         net (fo=125, routed)         0.605     1.524    CLK100MHZ_IBUF_BUFG
    SLICE_X1Y99          FDRE                                         r  occupied_reg[2]/C
  -------------------------------------------------------------------    -------------------
    SLICE_X1Y99          FDRE (Prop_fdre_C_Q)         0.128     1.652 r  occupied_reg[2]/Q
                         net (fo=14, routed)          0.211     1.864    exit_db/Q[2]
    SLICE_X1Y100         LUT4 (Prop_lut4_I2_O)        0.102     1.966 r  exit_db/LED_OBUF[1]_inst_i_1/O
                         net (fo=5, routed)           0.423     2.388    LED_OBUF[1]
    K15                  OBUF (Prop_obuf_I_O)         1.298     3.686 r  LED_OBUF[1]_inst/O
                         net (fo=0)                   0.000     3.686    LED[1]
    K15                                                               r  LED[1] (OUT)
  -------------------------------------------------------------------    -------------------

Slack:                    inf
  Source:                 occupied_reg[0]/C
                            (rising edge-triggered cell FDRE clocked by sys_clk_pin  {rise@0.000ns fall@5.000ns period=10.000ns})
  Destination:            CD
                            (output port)
  Path Group:             (none)
  Path Type:              Min at Fast Process Corner
  Data Path Delay:        2.195ns  (logic 1.437ns (65.462%)  route 0.758ns (34.538%))
  Logic Levels:           2  (LUT6=1 OBUF=1)
  Clock Uncertainty:      0.025ns  ((TSJ^2 + TIJ^2)^1/2 + DJ) / 2 + PE
    Total System Jitter     (TSJ):    0.050ns
    Total Input Jitter      (TIJ):    0.000ns
    Discrete Jitter          (DJ):    0.000ns
    Phase Error              (PE):    0.000ns

    Location             Delay type                Incr(ns)  Path(ns)    Netlist Resource(s)
  -------------------------------------------------------------------    -------------------
                         (clock sys_clk_pin rise edge)
                                                      0.000     0.000 r  
    E3                                                0.000     0.000 r  CLK100MHZ (IN)
                         net (fo=0)                   0.000     0.000    CLK100MHZ
    E3                   IBUF (Prop_ibuf_I_O)         0.250     0.250 r  CLK100MHZ_IBUF_inst/O
                         net (fo=1, routed)           0.644     0.894    CLK100MHZ_IBUF
    BUFGCTRL_X0Y16       BUFG (Prop_bufg_I_O)         0.026     0.920 r  CLK100MHZ_IBUF_BUFG_inst/O
                         net (fo=125, routed)         0.605     1.524    CLK100MHZ_IBUF_BUFG
    SLICE_X1Y99          FDRE                                         r  occupied_reg[0]/C
  -------------------------------------------------------------------    -------------------
    SLICE_X1Y99          FDRE (Prop_fdre_C_Q)         0.141     1.665 r  occupied_reg[0]/Q
                         net (fo=14, routed)          0.235     1.901    occupied_reg[0]
    SLICE_X0Y100         LUT6 (Prop_lut6_I4_O)        0.045     1.946 r  CD_OBUF_inst_i_1/O
                         net (fo=1, routed)           0.523     2.468    CD_OBUF
    K13                  OBUF (Prop_obuf_I_O)         1.251     3.719 r  CD_OBUF_inst/O
                         net (fo=0)                   0.000     3.719    CD
    K13                                                               r  CD (OUT)
  -------------------------------------------------------------------    -------------------

Slack:                    inf
  Source:                 occupied_reg[1]/C
                            (rising edge-triggered cell FDRE clocked by sys_clk_pin  {rise@0.000ns fall@5.000ns period=10.000ns})
  Destination:            LED[0]
                            (output port)
  Path Group:             (none)
  Path Type:              Min at Fast Process Corner
  Data Path Delay:        2.282ns  (logic 1.472ns (64.532%)  route 0.809ns (35.468%))
  Logic Levels:           2  (LUT4=1 OBUF=1)
  Clock Uncertainty:      0.025ns  ((TSJ^2 + TIJ^2)^1/2 + DJ) / 2 + PE
    Total System Jitter     (TSJ):    0.050ns
    Total Input Jitter      (TIJ):    0.000ns
    Discrete Jitter          (DJ):    0.000ns
    Phase Error              (PE):    0.000ns

    Location             Delay type                Incr(ns)  Path(ns)    Netlist Resource(s)
  -------------------------------------------------------------------    -------------------
                         (clock sys_clk_pin rise edge)
                                                      0.000     0.000 r  
    E3                                                0.000     0.000 r  CLK100MHZ (IN)
                         net (fo=0)                   0.000     0.000    CLK100MHZ
    E3                   IBUF (Prop_ibuf_I_O)         0.250     0.250 r  CLK100MHZ_IBUF_inst/O
                         net (fo=1, routed)           0.644     0.894    CLK100MHZ_IBUF
    BUFGCTRL_X0Y16       BUFG (Prop_bufg_I_O)         0.026     0.920 r  CLK100MHZ_IBUF_BUFG_inst/O
                         net (fo=125, routed)         0.605     1.524    CLK100MHZ_IBUF_BUFG
    SLICE_X1Y99          FDRE                                         r  occupied_reg[1]/C
  -------------------------------------------------------------------    -------------------
    SLICE_X1Y99          FDRE (Prop_fdre_C_Q)         0.141     1.665 f  occupied_reg[1]/Q
                         net (fo=15, routed)          0.217     1.882    occupied_reg[1]
    SLICE_X1Y99          LUT4 (Prop_lut4_I0_O)        0.043     1.925 r  LED_OBUF[0]_inst_i_1/O
                         net (fo=1, routed)           0.592     2.518    LED_OBUF[0]
    H17                  OBUF (Prop_obuf_I_O)         1.288     3.806 r  LED_OBUF[0]_inst/O
                         net (fo=0)                   0.000     3.806    LED[0]
    H17                                                               r  LED[0] (OUT)
  -------------------------------------------------------------------    -------------------

Slack:                    inf
  Source:                 occupied_reg[2]/C
                            (rising edge-triggered cell FDRE clocked by sys_clk_pin  {rise@0.000ns fall@5.000ns period=10.000ns})
  Destination:            CE
                            (output port)
  Path Group:             (none)
  Path Type:              Min at Fast Process Corner
  Data Path Delay:        2.283ns  (logic 1.461ns (64.007%)  route 0.822ns (35.993%))
  Logic Levels:           2  (LUT6=1 OBUF=1)
  Clock Uncertainty:      0.025ns  ((TSJ^2 + TIJ^2)^1/2 + DJ) / 2 + PE
    Total System Jitter     (TSJ):    0.050ns
    Total Input Jitter      (TIJ):    0.000ns
    Discrete Jitter          (DJ):    0.000ns
    Phase Error              (PE):    0.000ns

    Location             Delay type                Incr(ns)  Path(ns)    Netlist Resource(s)
  -------------------------------------------------------------------    -------------------
                         (clock sys_clk_pin rise edge)
                                                      0.000     0.000 r  
    E3                                                0.000     0.000 r  CLK100MHZ (IN)
                         net (fo=0)                   0.000     0.000    CLK100MHZ
    E3                   IBUF (Prop_ibuf_I_O)         0.250     0.250 r  CLK100MHZ_IBUF_inst/O
                         net (fo=1, routed)           0.644     0.894    CLK100MHZ_IBUF
    BUFGCTRL_X0Y16       BUFG (Prop_bufg_I_O)         0.026     0.920 r  CLK100MHZ_IBUF_BUFG_inst/O
                         net (fo=125, routed)         0.605     1.524    CLK100MHZ_IBUF_BUFG
    SLICE_X1Y99          FDRE                                         r  occupied_reg[2]/C
  -------------------------------------------------------------------    -------------------
    SLICE_X1Y99          FDRE (Prop_fdre_C_Q)         0.128     1.652 f  occupied_reg[2]/Q
                         net (fo=14, routed)          0.171     1.823    occupied_reg[2]
    SLICE_X0Y98          LUT6 (Prop_lut6_I4_O)        0.099     1.922 r  CE_OBUF_inst_i_1/O
                         net (fo=1, routed)           0.651     2.573    CE_OBUF
    P15                  OBUF (Prop_obuf_I_O)         1.234     3.807 r  CE_OBUF_inst/O
                         net (fo=0)                   0.000     3.807    CE
    P15                                                               r  CE (OUT)
  -------------------------------------------------------------------    -------------------

Slack:                    inf
  Source:                 display_select_reg[1]/C
                            (rising edge-triggered cell FDRE clocked by sys_clk_pin  {rise@0.000ns fall@5.000ns period=10.000ns})
  Destination:            AN[0]
                            (output port)
  Path Group:             (none)
  Path Type:              Min at Fast Process Corner
  Data Path Delay:        2.324ns  (logic 1.545ns (66.505%)  route 0.778ns (33.495%))
  Logic Levels:           2  (LUT2=1 OBUF=1)
  Clock Uncertainty:      0.025ns  ((TSJ^2 + TIJ^2)^1/2 + DJ) / 2 + PE
    Total System Jitter     (TSJ):    0.050ns
    Total Input Jitter      (TIJ):    0.000ns
    Discrete Jitter          (DJ):    0.000ns
    Phase Error              (PE):    0.000ns

    Location             Delay type                Incr(ns)  Path(ns)    Netlist Resource(s)
  -------------------------------------------------------------------    -------------------
                         (clock sys_clk_pin rise edge)
                                                      0.000     0.000 r  
    E3                                                0.000     0.000 r  CLK100MHZ (IN)
                         net (fo=0)                   0.000     0.000    CLK100MHZ
    E3                   IBUF (Prop_ibuf_I_O)         0.250     0.250 r  CLK100MHZ_IBUF_inst/O
                         net (fo=1, routed)           0.644     0.894    CLK100MHZ_IBUF
    BUFGCTRL_X0Y16       BUFG (Prop_bufg_I_O)         0.026     0.920 r  CLK100MHZ_IBUF_BUFG_inst/O
                         net (fo=125, routed)         0.605     1.524    CLK100MHZ_IBUF_BUFG
    SLICE_X2Y99          FDRE                                         r  display_select_reg[1]/C
  -------------------------------------------------------------------    -------------------
    SLICE_X2Y99          FDRE (Prop_fdre_C_Q)         0.148     1.672 r  display_select_reg[1]/Q
                         net (fo=7, routed)           0.308     1.980    display_select_reg_n_0_[1]
    SLICE_X0Y99          LUT2 (Prop_lut2_I1_O)        0.096     2.076 r  AN_OBUF[0]_inst_i_1/O
                         net (fo=8, routed)           0.470     2.547    AN_OBUF[0]
    J17                  OBUF (Prop_obuf_I_O)         1.301     3.848 r  AN_OBUF[0]_inst/O
                         net (fo=0)                   0.000     3.848    AN[0]
    J17                                                               r  AN[0] (OUT)
  -------------------------------------------------------------------    -------------------





--------------------------------------------------------------------------------------
Path Group:  (none)
From Clock:  
  To Clock:  sys_clk_pin

Max Delay             6 Endpoints
Min Delay             6 Endpoints
--------------------------------------------------------------------------------------


Max Delay Paths
--------------------------------------------------------------------------------------
Slack:                    inf
  Source:                 SW[3]
                            (input port)
  Destination:            access_granted_reg/D
                            (rising edge-triggered cell FDRE clocked by sys_clk_pin  {rise@0.000ns fall@5.000ns period=10.000ns})
  Path Group:             (none)
  Path Type:              Setup (Max at Slow Process Corner)
  Data Path Delay:        4.700ns  (logic 1.725ns (36.709%)  route 2.974ns (63.291%))
  Logic Levels:           3  (IBUF=1 LUT4=1 LUT6=1)
  Clock Path Skew:        5.012ns (DCD - SCD + CPR)
    Destination Clock Delay (DCD):    5.012ns
    Source Clock Delay      (SCD):    0.000ns
    Clock Pessimism Removal (CPR):    0.000ns
  Clock Uncertainty:      0.025ns  ((TSJ^2 + TIJ^2)^1/2 + DJ) / 2 + PE
    Total System Jitter     (TSJ):    0.050ns
    Total Input Jitter      (TIJ):    0.000ns
    Discrete Jitter          (DJ):    0.000ns
    Phase Error              (PE):    0.000ns

    Location             Delay type                Incr(ns)  Path(ns)    Netlist Resource(s)
  -------------------------------------------------------------------    -------------------
    R15                                               0.000     0.000 r  SW[3] (IN)
                         net (fo=0)                   0.000     0.000    SW[3]
    R15                  IBUF (Prop_ibuf_I_O)         1.477     1.477 r  SW_IBUF[3]_inst/O
                         net (fo=1, routed)           1.829     3.306    verify_db/SW_IBUF[3]
    SLICE_X0Y93          LUT4 (Prop_lut4_I3_O)        0.124     3.430 r  verify_db/access_rejected_i_3/O
                         net (fo=2, routed)           1.145     4.576    verify_db/SW[0]
    SLICE_X0Y100         LUT6 (Prop_lut6_I1_O)        0.124     4.700 r  verify_db/access_granted_i_1/O
                         net (fo=1, routed)           0.000     4.700    verify_db_n_2
    SLICE_X0Y100         FDRE                                         r  access_granted_reg/D
  -------------------------------------------------------------------    -------------------

                         (clock sys_clk_pin rise edge)
                                                      0.000     0.000 r  
    E3                                                0.000     0.000 r  CLK100MHZ (IN)
                         net (fo=0)                   0.000     0.000    CLK100MHZ
    E3                   IBUF (Prop_ibuf_I_O)         1.411     1.411 r  CLK100MHZ_IBUF_inst/O
                         net (fo=1, routed)           1.920     3.331    CLK100MHZ_IBUF
    BUFGCTRL_X0Y16       BUFG (Prop_bufg_I_O)         0.091     3.422 r  CLK100MHZ_IBUF_BUFG_inst/O
                         net (fo=125, routed)         1.590     5.012    CLK100MHZ_IBUF_BUFG
    SLICE_X0Y100         FDRE                                         r  access_granted_reg/C

Slack:                    inf
  Source:                 SW[3]
                            (input port)
  Destination:            access_rejected_reg/D
                            (rising edge-triggered cell FDRE clocked by sys_clk_pin  {rise@0.000ns fall@5.000ns period=10.000ns})
  Path Group:             (none)
  Path Type:              Setup (Max at Slow Process Corner)
  Data Path Delay:        4.542ns  (logic 1.725ns (37.986%)  route 2.816ns (62.014%))
  Logic Levels:           3  (IBUF=1 LUT4=1 LUT6=1)
  Clock Path Skew:        5.012ns (DCD - SCD + CPR)
    Destination Clock Delay (DCD):    5.012ns
    Source Clock Delay      (SCD):    0.000ns
    Clock Pessimism Removal (CPR):    0.000ns
  Clock Uncertainty:      0.025ns  ((TSJ^2 + TIJ^2)^1/2 + DJ) / 2 + PE
    Total System Jitter     (TSJ):    0.050ns
    Total Input Jitter      (TIJ):    0.000ns
    Discrete Jitter          (DJ):    0.000ns
    Phase Error              (PE):    0.000ns

    Location             Delay type                Incr(ns)  Path(ns)    Netlist Resource(s)
  -------------------------------------------------------------------    -------------------
    R15                                               0.000     0.000 f  SW[3] (IN)
                         net (fo=0)                   0.000     0.000    SW[3]
    R15                  IBUF (Prop_ibuf_I_O)         1.477     1.477 f  SW_IBUF[3]_inst/O
                         net (fo=1, routed)           1.829     3.306    verify_db/SW_IBUF[3]
    SLICE_X0Y93          LUT4 (Prop_lut4_I3_O)        0.124     3.430 f  verify_db/access_rejected_i_3/O
                         net (fo=2, routed)           0.987     4.418    exit_db/access_rejected_reg_0
    SLICE_X0Y100         LUT6 (Prop_lut6_I4_O)        0.124     4.542 r  exit_db/access_rejected_i_1/O
                         net (fo=1, routed)           0.000     4.542    exit_db_n_1
    SLICE_X0Y100         FDRE                                         r  access_rejected_reg/D
  -------------------------------------------------------------------    -------------------

                         (clock sys_clk_pin rise edge)
                                                      0.000     0.000 r  
    E3                                                0.000     0.000 r  CLK100MHZ (IN)
                         net (fo=0)                   0.000     0.000    CLK100MHZ
    E3                   IBUF (Prop_ibuf_I_O)         1.411     1.411 r  CLK100MHZ_IBUF_inst/O
                         net (fo=1, routed)           1.920     3.331    CLK100MHZ_IBUF
    BUFGCTRL_X0Y16       BUFG (Prop_bufg_I_O)         0.091     3.422 r  CLK100MHZ_IBUF_BUFG_inst/O
                         net (fo=125, routed)         1.590     5.012    CLK100MHZ_IBUF_BUFG
    SLICE_X0Y100         FDRE                                         r  access_rejected_reg/C

Slack:                    inf
  Source:                 BTNL
                            (input port)
  Destination:            verify_db/sync0_reg/D
                            (rising edge-triggered cell FDRE clocked by sys_clk_pin  {rise@0.000ns fall@5.000ns period=10.000ns})
  Path Group:             (none)
  Path Type:              Setup (Max at Slow Process Corner)
  Data Path Delay:        3.348ns  (logic 1.488ns (44.443%)  route 1.860ns (55.557%))
  Logic Levels:           1  (IBUF=1)
  Clock Path Skew:        5.009ns (DCD - SCD + CPR)
    Destination Clock Delay (DCD):    5.009ns
    Source Clock Delay      (SCD):    0.000ns
    Clock Pessimism Removal (CPR):    0.000ns
  Clock Uncertainty:      0.025ns  ((TSJ^2 + TIJ^2)^1/2 + DJ) / 2 + PE
    Total System Jitter     (TSJ):    0.050ns
    Total Input Jitter      (TIJ):    0.000ns
    Discrete Jitter          (DJ):    0.000ns
    Phase Error              (PE):    0.000ns

    Location             Delay type                Incr(ns)  Path(ns)    Netlist Resource(s)
  -------------------------------------------------------------------    -------------------
    P17                                               0.000     0.000 r  BTNL (IN)
                         net (fo=0)                   0.000     0.000    BTNL
    P17                  IBUF (Prop_ibuf_I_O)         1.488     1.488 r  BTNL_IBUF_inst/O
                         net (fo=1, routed)           1.860     3.348    verify_db/BTNL_IBUF
    SLICE_X4Y103         FDRE                                         r  verify_db/sync0_reg/D
  -------------------------------------------------------------------    -------------------

                         (clock sys_clk_pin rise edge)
                                                      0.000     0.000 r  
    E3                                                0.000     0.000 r  CLK100MHZ (IN)
                         net (fo=0)                   0.000     0.000    CLK100MHZ
    E3                   IBUF (Prop_ibuf_I_O)         1.411     1.411 r  CLK100MHZ_IBUF_inst/O
                         net (fo=1, routed)           1.920     3.331    CLK100MHZ_IBUF
    BUFGCTRL_X0Y16       BUFG (Prop_bufg_I_O)         0.091     3.422 r  CLK100MHZ_IBUF_BUFG_inst/O
                         net (fo=125, routed)         1.587     5.009    verify_db/CLK100MHZ_IBUF_BUFG
    SLICE_X4Y103         FDRE                                         r  verify_db/sync0_reg/C

Slack:                    inf
  Source:                 BTND
                            (input port)
  Destination:            exit_db/sync0_reg/D
                            (rising edge-triggered cell FDRE clocked by sys_clk_pin  {rise@0.000ns fall@5.000ns period=10.000ns})
  Path Group:             (none)
  Path Type:              Setup (Max at Slow Process Corner)
  Data Path Delay:        2.934ns  (logic 1.480ns (50.450%)  route 1.454ns (49.550%))
  Logic Levels:           1  (IBUF=1)
  Clock Path Skew:        5.026ns (DCD - SCD + CPR)
    Destination Clock Delay (DCD):    5.026ns
    Source Clock Delay      (SCD):    0.000ns
    Clock Pessimism Removal (CPR):    0.000ns
  Clock Uncertainty:      0.025ns  ((TSJ^2 + TIJ^2)^1/2 + DJ) / 2 + PE
    Total System Jitter     (TSJ):    0.050ns
    Total Input Jitter      (TIJ):    0.000ns
    Discrete Jitter          (DJ):    0.000ns
    Phase Error              (PE):    0.000ns

    Location             Delay type                Incr(ns)  Path(ns)    Netlist Resource(s)
  -------------------------------------------------------------------    -------------------
    P18                                               0.000     0.000 r  BTND (IN)
                         net (fo=0)                   0.000     0.000    BTND
    P18                  IBUF (Prop_ibuf_I_O)         1.480     1.480 r  BTND_IBUF_inst/O
                         net (fo=1, routed)           1.454     2.934    exit_db/BTND_IBUF
    SLICE_X4Y95          FDRE                                         r  exit_db/sync0_reg/D
  -------------------------------------------------------------------    -------------------

                         (clock sys_clk_pin rise edge)
                                                      0.000     0.000 r  
    E3                                                0.000     0.000 r  CLK100MHZ (IN)
                         net (fo=0)                   0.000     0.000    CLK100MHZ
    E3                   IBUF (Prop_ibuf_I_O)         1.411     1.411 r  CLK100MHZ_IBUF_inst/O
                         net (fo=1, routed)           1.920     3.331    CLK100MHZ_IBUF
    BUFGCTRL_X0Y16       BUFG (Prop_bufg_I_O)         0.091     3.422 r  CLK100MHZ_IBUF_BUFG_inst/O
                         net (fo=125, routed)         1.603     5.026    exit_db/CLK100MHZ_IBUF_BUFG
    SLICE_X4Y95          FDRE                                         r  exit_db/sync0_reg/C

Slack:                    inf
  Source:                 BTNU
                            (input port)
  Destination:            entry_db/sync0_reg/D
                            (rising edge-triggered cell FDRE clocked by sys_clk_pin  {rise@0.000ns fall@5.000ns period=10.000ns})
  Path Group:             (none)
  Path Type:              Setup (Max at Slow Process Corner)
  Data Path Delay:        2.630ns  (logic 1.486ns (56.490%)  route 1.144ns (43.510%))
  Logic Levels:           1  (IBUF=1)
  Clock Path Skew:        5.012ns (DCD - SCD + CPR)
    Destination Clock Delay (DCD):    5.012ns
    Source Clock Delay      (SCD):    0.000ns
    Clock Pessimism Removal (CPR):    0.000ns
  Clock Uncertainty:      0.025ns  ((TSJ^2 + TIJ^2)^1/2 + DJ) / 2 + PE
    Total System Jitter     (TSJ):    0.050ns
    Total Input Jitter      (TIJ):    0.000ns
    Discrete Jitter          (DJ):    0.000ns
    Phase Error              (PE):    0.000ns

    Location             Delay type                Incr(ns)  Path(ns)    Netlist Resource(s)
  -------------------------------------------------------------------    -------------------
    M18                                               0.000     0.000 r  BTNU (IN)
                         net (fo=0)                   0.000     0.000    BTNU
    M18                  IBUF (Prop_ibuf_I_O)         1.486     1.486 r  BTNU_IBUF_inst/O
                         net (fo=1, routed)           1.144     2.630    entry_db/BTNU_IBUF
    SLICE_X0Y100         FDRE                                         r  entry_db/sync0_reg/D
  -------------------------------------------------------------------    -------------------

                         (clock sys_clk_pin rise edge)
                                                      0.000     0.000 r  
    E3                                                0.000     0.000 r  CLK100MHZ (IN)
                         net (fo=0)                   0.000     0.000    CLK100MHZ
    E3                   IBUF (Prop_ibuf_I_O)         1.411     1.411 r  CLK100MHZ_IBUF_inst/O
                         net (fo=1, routed)           1.920     3.331    CLK100MHZ_IBUF
    BUFGCTRL_X0Y16       BUFG (Prop_bufg_I_O)         0.091     3.422 r  CLK100MHZ_IBUF_BUFG_inst/O
                         net (fo=125, routed)         1.590     5.012    entry_db/CLK100MHZ_IBUF_BUFG
    SLICE_X0Y100         FDRE                                         r  entry_db/sync0_reg/C

Slack:                    inf
  Source:                 BTNC
                            (input port)
  Destination:            reset_db/sync0_reg/D
                            (rising edge-triggered cell FDRE clocked by sys_clk_pin  {rise@0.000ns fall@5.000ns period=10.000ns})
  Path Group:             (none)
  Path Type:              Setup (Max at Slow Process Corner)
  Data Path Delay:        2.628ns  (logic 1.477ns (56.185%)  route 1.152ns (43.815%))
  Logic Levels:           1  (IBUF=1)
  Clock Path Skew:        5.025ns (DCD - SCD + CPR)
    Destination Clock Delay (DCD):    5.025ns
    Source Clock Delay      (SCD):    0.000ns
    Clock Pessimism Removal (CPR):    0.000ns
  Clock Uncertainty:      0.025ns  ((TSJ^2 + TIJ^2)^1/2 + DJ) / 2 + PE
    Total System Jitter     (TSJ):    0.050ns
    Total Input Jitter      (TIJ):    0.000ns
    Discrete Jitter          (DJ):    0.000ns
    Phase Error              (PE):    0.000ns

    Location             Delay type                Incr(ns)  Path(ns)    Netlist Resource(s)
  -------------------------------------------------------------------    -------------------
    N17                                               0.000     0.000 r  BTNC (IN)
                         net (fo=0)                   0.000     0.000    BTNC
    N17                  IBUF (Prop_ibuf_I_O)         1.477     1.477 r  BTNC_IBUF_inst/O
                         net (fo=1, routed)           1.152     2.628    reset_db/BTNC_IBUF
    SLICE_X4Y92          FDRE                                         r  reset_db/sync0_reg/D
  -------------------------------------------------------------------    -------------------

                         (clock sys_clk_pin rise edge)
                                                      0.000     0.000 r  
    E3                                                0.000     0.000 r  CLK100MHZ (IN)
                         net (fo=0)                   0.000     0.000    CLK100MHZ
    E3                   IBUF (Prop_ibuf_I_O)         1.411     1.411 r  CLK100MHZ_IBUF_inst/O
                         net (fo=1, routed)           1.920     3.331    CLK100MHZ_IBUF
    BUFGCTRL_X0Y16       BUFG (Prop_bufg_I_O)         0.091     3.422 r  CLK100MHZ_IBUF_BUFG_inst/O
                         net (fo=125, routed)         1.602     5.025    reset_db/CLK100MHZ_IBUF_BUFG
    SLICE_X4Y92          FDRE                                         r  reset_db/sync0_reg/C





Min Delay Paths
--------------------------------------------------------------------------------------
Slack:                    inf
  Source:                 BTNC
                            (input port)
  Destination:            reset_db/sync0_reg/D
                            (rising edge-triggered cell FDRE clocked by sys_clk_pin  {rise@0.000ns fall@5.000ns period=10.000ns})
  Path Group:             (none)
  Path Type:              Hold (Min at Fast Process Corner)
  Data Path Delay:        0.709ns  (logic 0.244ns (34.481%)  route 0.465ns (65.519%))
  Logic Levels:           1  (IBUF=1)
  Clock Path Skew:        2.038ns (DCD - SCD - CPR)
    Destination Clock Delay (DCD):    2.038ns
    Source Clock Delay      (SCD):    0.000ns
    Clock Pessimism Removal (CPR):    -0.000ns

    Location             Delay type                Incr(ns)  Path(ns)    Netlist Resource(s)
  -------------------------------------------------------------------    -------------------
    N17                                               0.000     0.000 r  BTNC (IN)
                         net (fo=0)                   0.000     0.000    BTNC
    N17                  IBUF (Prop_ibuf_I_O)         0.244     0.244 r  BTNC_IBUF_inst/O
                         net (fo=1, routed)           0.465     0.709    reset_db/BTNC_IBUF
    SLICE_X4Y92          FDRE                                         r  reset_db/sync0_reg/D
  -------------------------------------------------------------------    -------------------

                         (clock sys_clk_pin rise edge)
                                                      0.000     0.000 r  
    E3                                                0.000     0.000 r  CLK100MHZ (IN)
                         net (fo=0)                   0.000     0.000    CLK100MHZ
    E3                   IBUF (Prop_ibuf_I_O)         0.438     0.438 r  CLK100MHZ_IBUF_inst/O
                         net (fo=1, routed)           0.699     1.136    CLK100MHZ_IBUF
    BUFGCTRL_X0Y16       BUFG (Prop_bufg_I_O)         0.029     1.165 r  CLK100MHZ_IBUF_BUFG_inst/O
                         net (fo=125, routed)         0.873     2.038    reset_db/CLK100MHZ_IBUF_BUFG
    SLICE_X4Y92          FDRE                                         r  reset_db/sync0_reg/C

Slack:                    inf
  Source:                 BTNU
                            (input port)
  Destination:            entry_db/sync0_reg/D
                            (rising edge-triggered cell FDRE clocked by sys_clk_pin  {rise@0.000ns fall@5.000ns period=10.000ns})
  Path Group:             (none)
  Path Type:              Hold (Min at Fast Process Corner)
  Data Path Delay:        0.713ns  (logic 0.254ns (35.566%)  route 0.459ns (64.434%))
  Logic Levels:           1  (IBUF=1)
  Clock Path Skew:        2.037ns (DCD - SCD - CPR)
    Destination Clock Delay (DCD):    2.037ns
    Source Clock Delay      (SCD):    0.000ns
    Clock Pessimism Removal (CPR):    -0.000ns

    Location             Delay type                Incr(ns)  Path(ns)    Netlist Resource(s)
  -------------------------------------------------------------------    -------------------
    M18                                               0.000     0.000 r  BTNU (IN)
                         net (fo=0)                   0.000     0.000    BTNU
    M18                  IBUF (Prop_ibuf_I_O)         0.254     0.254 r  BTNU_IBUF_inst/O
                         net (fo=1, routed)           0.459     0.713    entry_db/BTNU_IBUF
    SLICE_X0Y100         FDRE                                         r  entry_db/sync0_reg/D
  -------------------------------------------------------------------    -------------------

                         (clock sys_clk_pin rise edge)
                                                      0.000     0.000 r  
    E3                                                0.000     0.000 r  CLK100MHZ (IN)
                         net (fo=0)                   0.000     0.000    CLK100MHZ
    E3                   IBUF (Prop_ibuf_I_O)         0.438     0.438 r  CLK100MHZ_IBUF_inst/O
                         net (fo=1, routed)           0.699     1.136    CLK100MHZ_IBUF
    BUFGCTRL_X0Y16       BUFG (Prop_bufg_I_O)         0.029     1.165 r  CLK100MHZ_IBUF_BUFG_inst/O
                         net (fo=125, routed)         0.872     2.037    entry_db/CLK100MHZ_IBUF_BUFG
    SLICE_X0Y100         FDRE                                         r  entry_db/sync0_reg/C

Slack:                    inf
  Source:                 BTND
                            (input port)
  Destination:            exit_db/sync0_reg/D
                            (rising edge-triggered cell FDRE clocked by sys_clk_pin  {rise@0.000ns fall@5.000ns period=10.000ns})
  Path Group:             (none)
  Path Type:              Hold (Min at Fast Process Corner)
  Data Path Delay:        0.824ns  (logic 0.248ns (30.060%)  route 0.577ns (69.940%))
  Logic Levels:           1  (IBUF=1)
  Clock Path Skew:        2.039ns (DCD - SCD - CPR)
    Destination Clock Delay (DCD):    2.039ns
    Source Clock Delay      (SCD):    0.000ns
    Clock Pessimism Removal (CPR):    -0.000ns

    Location             Delay type                Incr(ns)  Path(ns)    Netlist Resource(s)
  -------------------------------------------------------------------    -------------------
    P18                                               0.000     0.000 r  BTND (IN)
                         net (fo=0)                   0.000     0.000    BTND
    P18                  IBUF (Prop_ibuf_I_O)         0.248     0.248 r  BTND_IBUF_inst/O
                         net (fo=1, routed)           0.577     0.824    exit_db/BTND_IBUF
    SLICE_X4Y95          FDRE                                         r  exit_db/sync0_reg/D
  -------------------------------------------------------------------    -------------------

                         (clock sys_clk_pin rise edge)
                                                      0.000     0.000 r  
    E3                                                0.000     0.000 r  CLK100MHZ (IN)
                         net (fo=0)                   0.000     0.000    CLK100MHZ
    E3                   IBUF (Prop_ibuf_I_O)         0.438     0.438 r  CLK100MHZ_IBUF_inst/O
                         net (fo=1, routed)           0.699     1.136    CLK100MHZ_IBUF
    BUFGCTRL_X0Y16       BUFG (Prop_bufg_I_O)         0.029     1.165 r  CLK100MHZ_IBUF_BUFG_inst/O
                         net (fo=125, routed)         0.874     2.039    exit_db/CLK100MHZ_IBUF_BUFG
    SLICE_X4Y95          FDRE                                         r  exit_db/sync0_reg/C

Slack:                    inf
  Source:                 BTNL
                            (input port)
  Destination:            verify_db/sync0_reg/D
                            (rising edge-triggered cell FDRE clocked by sys_clk_pin  {rise@0.000ns fall@5.000ns period=10.000ns})
  Path Group:             (none)
  Path Type:              Hold (Min at Fast Process Corner)
  Data Path Delay:        0.988ns  (logic 0.256ns (25.886%)  route 0.732ns (74.114%))
  Logic Levels:           1  (IBUF=1)
  Clock Path Skew:        2.033ns (DCD - SCD - CPR)
    Destination Clock Delay (DCD):    2.033ns
    Source Clock Delay      (SCD):    0.000ns
    Clock Pessimism Removal (CPR):    -0.000ns

    Location             Delay type                Incr(ns)  Path(ns)    Netlist Resource(s)
  -------------------------------------------------------------------    -------------------
    P17                                               0.000     0.000 r  BTNL (IN)
                         net (fo=0)                   0.000     0.000    BTNL
    P17                  IBUF (Prop_ibuf_I_O)         0.256     0.256 r  BTNL_IBUF_inst/O
                         net (fo=1, routed)           0.732     0.988    verify_db/BTNL_IBUF
    SLICE_X4Y103         FDRE                                         r  verify_db/sync0_reg/D
  -------------------------------------------------------------------    -------------------

                         (clock sys_clk_pin rise edge)
                                                      0.000     0.000 r  
    E3                                                0.000     0.000 r  CLK100MHZ (IN)
                         net (fo=0)                   0.000     0.000    CLK100MHZ
    E3                   IBUF (Prop_ibuf_I_O)         0.438     0.438 r  CLK100MHZ_IBUF_inst/O
                         net (fo=1, routed)           0.699     1.136    CLK100MHZ_IBUF
    BUFGCTRL_X0Y16       BUFG (Prop_bufg_I_O)         0.029     1.165 r  CLK100MHZ_IBUF_BUFG_inst/O
                         net (fo=125, routed)         0.867     2.033    verify_db/CLK100MHZ_IBUF_BUFG
    SLICE_X4Y103         FDRE                                         r  verify_db/sync0_reg/C

Slack:                    inf
  Source:                 SW[2]
                            (input port)
  Destination:            access_rejected_reg/D
                            (rising edge-triggered cell FDRE clocked by sys_clk_pin  {rise@0.000ns fall@5.000ns period=10.000ns})
  Path Group:             (none)
  Path Type:              Hold (Min at Fast Process Corner)
  Data Path Delay:        1.127ns  (logic 0.343ns (30.439%)  route 0.784ns (69.561%))
  Logic Levels:           3  (IBUF=1 LUT4=1 LUT6=1)
  Clock Path Skew:        2.037ns (DCD - SCD - CPR)
    Destination Clock Delay (DCD):    2.037ns
    Source Clock Delay      (SCD):    0.000ns
    Clock Pessimism Removal (CPR):    -0.000ns

    Location             Delay type                Incr(ns)  Path(ns)    Netlist Resource(s)
  -------------------------------------------------------------------    -------------------
    M13                                               0.000     0.000 r  SW[2] (IN)
                         net (fo=0)                   0.000     0.000    SW[2]
    M13                  IBUF (Prop_ibuf_I_O)         0.253     0.253 r  SW_IBUF[2]_inst/O
                         net (fo=1, routed)           0.417     0.670    verify_db/SW_IBUF[2]
    SLICE_X0Y93          LUT4 (Prop_lut4_I2_O)        0.045     0.715 f  verify_db/access_rejected_i_3/O
                         net (fo=2, routed)           0.366     1.082    exit_db/access_rejected_reg_0
    SLICE_X0Y100         LUT6 (Prop_lut6_I4_O)        0.045     1.127 r  exit_db/access_rejected_i_1/O
                         net (fo=1, routed)           0.000     1.127    exit_db_n_1
    SLICE_X0Y100         FDRE                                         r  access_rejected_reg/D
  -------------------------------------------------------------------    -------------------

                         (clock sys_clk_pin rise edge)
                                                      0.000     0.000 r  
    E3                                                0.000     0.000 r  CLK100MHZ (IN)
                         net (fo=0)                   0.000     0.000    CLK100MHZ
    E3                   IBUF (Prop_ibuf_I_O)         0.438     0.438 r  CLK100MHZ_IBUF_inst/O
                         net (fo=1, routed)           0.699     1.136    CLK100MHZ_IBUF
    BUFGCTRL_X0Y16       BUFG (Prop_bufg_I_O)         0.029     1.165 r  CLK100MHZ_IBUF_BUFG_inst/O
                         net (fo=125, routed)         0.872     2.037    CLK100MHZ_IBUF_BUFG
    SLICE_X0Y100         FDRE                                         r  access_rejected_reg/C

Slack:                    inf
  Source:                 SW[2]
                            (input port)
  Destination:            access_granted_reg/D
                            (rising edge-triggered cell FDRE clocked by sys_clk_pin  {rise@0.000ns fall@5.000ns period=10.000ns})
  Path Group:             (none)
  Path Type:              Hold (Min at Fast Process Corner)
  Data Path Delay:        1.188ns  (logic 0.343ns (28.875%)  route 0.845ns (71.125%))
  Logic Levels:           3  (IBUF=1 LUT4=1 LUT6=1)
  Clock Path Skew:        2.037ns (DCD - SCD - CPR)
    Destination Clock Delay (DCD):    2.037ns
    Source Clock Delay      (SCD):    0.000ns
    Clock Pessimism Removal (CPR):    -0.000ns

    Location             Delay type                Incr(ns)  Path(ns)    Netlist Resource(s)
  -------------------------------------------------------------------    -------------------
    M13                                               0.000     0.000 f  SW[2] (IN)
                         net (fo=0)                   0.000     0.000    SW[2]
    M13                  IBUF (Prop_ibuf_I_O)         0.253     0.253 f  SW_IBUF[2]_inst/O
                         net (fo=1, routed)           0.417     0.670    verify_db/SW_IBUF[2]
    SLICE_X0Y93          LUT4 (Prop_lut4_I2_O)        0.045     0.715 r  verify_db/access_rejected_i_3/O
                         net (fo=2, routed)           0.427     1.143    verify_db/SW[0]
    SLICE_X0Y100         LUT6 (Prop_lut6_I1_O)        0.045     1.188 r  verify_db/access_granted_i_1/O
                         net (fo=1, routed)           0.000     1.188    verify_db_n_2
    SLICE_X0Y100         FDRE                                         r  access_granted_reg/D
  -------------------------------------------------------------------    -------------------

                         (clock sys_clk_pin rise edge)
                                                      0.000     0.000 r  
    E3                                                0.000     0.000 r  CLK100MHZ (IN)
                         net (fo=0)                   0.000     0.000    CLK100MHZ
    E3                   IBUF (Prop_ibuf_I_O)         0.438     0.438 r  CLK100MHZ_IBUF_inst/O
                         net (fo=1, routed)           0.699     1.136    CLK100MHZ_IBUF
    BUFGCTRL_X0Y16       BUFG (Prop_bufg_I_O)         0.029     1.165 r  CLK100MHZ_IBUF_BUFG_inst/O
                         net (fo=125, routed)         0.872     2.037    CLK100MHZ_IBUF_BUFG
    SLICE_X0Y100         FDRE                                         r  access_granted_reg/C





